MEASURE,C_RESID,NUTS,NACE_R2,TIME_PERIOD,OBS_VALUE,OBS_STATUS,CONF_STATUS,UNIT,UNIT_MULT
occ_arr,FOR,FR,I551,2015,35093619,A,F,NR,
occ_arr,FOR,FR1,I551,2015,15593359,A,F,NR,
occ_arr,FOR,FR10,I551,2015,15593359,A,F,NR,
occ_arr,FOR,FR2,I551,2015,4393323,A,F,NR,
occ_arr,FOR,FR21,I551,2015,617648,A,F,NR,
occ_arr,FOR,FR22,I551,2015,361330,A,F,NR,
occ_arr,FOR,FR23,I551,2015,398089,A,F,NR,
occ_arr,FOR,FR24,I551,2015,939458,A,F,NR,
occ_arr,FOR,FR25,I551,2015,698527,A,F,NR,
occ_arr,FOR,FR26,I551,2015,1378271,A,F,NR,
occ_arr,FOR,FR3,I551,2015,1118334,A,F,NR,
occ_arr,FOR,FR30,I551,2015,1118334,A,F,NR,
occ_arr,FOR,FR4,I551,2015,2419585,A,F,NR,
occ_arr,FOR,FR41,I551,2015,565962,A,F,NR,
occ_arr,FOR,FR42,I551,2015,1572215,A,F,NR,
occ_arr,FOR,FR43,I551,2015,281408,A,F,NR,
occ_arr,FOR,FR5,I551,2015,1326353,A,F,NR,
occ_arr,FOR,FR51,I551,2015,385741,A,F,NR,
occ_arr,FOR,FR52,I551,2015,593808,A,F,NR,
occ_arr,FOR,FR53,I551,2015,346804,A,F,NR,
occ_arr,FOR,FR6,I551,2015,2189414,A,F,NR,
occ_arr,FOR,FR61,I551,2015,987133,A,F,NR,
occ_arr,FOR,FR62,I551,2015,1092842,A,F,NR,
occ_arr,FOR,FR63,I551,2015,109440,A,F,NR,
occ_arr,FOR,FR7,I551,2015,2756961,A,F,NR,
occ_arr,FOR,FR71,I551,2015,2498348,A,F,NR,
occ_arr,FOR,FR72,I551,2015,258613,A,F,NR,
occ_arr,FOR,FR8,I551,2015,5138669,A,F,NR,
occ_arr,FOR,FR81,I551,2015,872902,A,F,NR,
occ_arr,FOR,FR82,I551,2015,3947977,A,F,NR,
occ_arr,FOR,FR83,I551,2015,317790,A,F,NR,
occ_arr,FOR,FRA,I551,2015,157620,A,F,NR,
occ_arr,FOR,FRA1,I551,2015,38723,A,F,NR,
occ_arr,FOR,FRA2,I551,2015,46033,A,F,NR,
occ_arr,FOR,FRA3,I551,2015,13630,A,F,NR,
occ_arr,FOR,FRA4,I551,2015,59233,A,F,NR,
occ_arr,FOR,FR,I552,2015,4301657,A,F,NR,
occ_arr,FOR,FR1,I552,2015,1003315,A,F,NR,
occ_arr,FOR,FR10,I552,2015,1003315,A,F,NR,
occ_arr,FOR,FR2,I552,2015,346693,A,F,NR,
occ_arr,FOR,FR21,I552,2015,26451,A,F,NR,
occ_arr,FOR,FR22,I552,2015,105390,A,F,NR,
occ_arr,FOR,FR23,I552,2015,28706,A,F,NR,
occ_arr,FOR,FR24,I552,2015,59925,A,F,NR,
occ_arr,FOR,FR25,I552,2015,99199,A,F,NR,
occ_arr,FOR,FR26,I552,2015,27021,A,F,NR,
occ_arr,FOR,FR3,I552,2015,54870,A,F,NR,
occ_arr,FOR,FR30,I552,2015,54870,A,F,NR,
occ_arr,FOR,FR4,I552,2015,354823,A,F,NR,
occ_arr,FOR,FR41,I552,2015,196190,A,F,NR,
occ_arr,FOR,FR42,I552,2015,139582,A,F,NR,
occ_arr,FOR,FR43,I552,2015,19051,A,F,NR,
occ_arr,FOR,FR5,I552,2015,213896,A,F,NR,
occ_arr,FOR,FR51,I552,2015,73889,A,F,NR,
occ_arr,FOR,FR52,I552,2015,101694,A,F,NR,
occ_arr,FOR,FR53,I552,2015,38313,A,F,NR,
occ_arr,FOR,FR6,I552,2015,369845,A,F,NR,
occ_arr,FOR,FR61,I552,2015,232890,A,F,NR,
occ_arr,FOR,FR62,I552,2015,132269,A,F,NR,
occ_arr,FOR,FR63,I552,2015,4687,A,F,NR,
occ_arr,FOR,FR7,I552,2015,905739,A,F,NR,
occ_arr,FOR,FR71,I552,2015,890555,A,F,NR,
occ_arr,FOR,FR72,I552,2015,15184,A,F,NR,
occ_arr,FOR,FR8,I552,2015,1051706,A,F,NR,
occ_arr,FOR,FR81,I552,2015,192900,A,F,NR,
occ_arr,FOR,FR82,I552,2015,780194,A,F,NR,
occ_arr,FOR,FR83,I552,2015,78612,A,F,NR,
occ_arr,FOR,FRA,I552,2015,769,A,F,NR,
occ_arr,FOR,FRA1,I552,2015,499,A,F,NR,
occ_arr,FOR,FRA2,I552,2015,270,A,F,NR,
occ_arr,FOR,FR,I553,2015,7402432,A,F,NR,
occ_arr,FOR,FR1,I553,2015,396569,A,F,NR,
occ_arr,FOR,FR10,I553,2015,396569,A,F,NR,
occ_arr,FOR,FR2,I553,2015,1476730,A,F,NR,
occ_arr,FOR,FR21,I553,2015,184884,A,F,NR,
occ_arr,FOR,FR22,I553,2015,278365,A,F,NR,
occ_arr,FOR,FR23,I553,2015,138127,A,F,NR,
occ_arr,FOR,FR24,I553,2015,288044,A,F,NR,
occ_arr,FOR,FR25,I553,2015,278880,A,F,NR,
occ_arr,FOR,FR26,I553,2015,308430,A,F,NR,
occ_arr,FOR,FR3,I553,2015,131967,A,F,NR,
occ_arr,FOR,FR30,I553,2015,131967,A,F,NR,
occ_arr,FOR,FR4,I553,2015,528178,A,F,NR,
occ_arr,FOR,FR41,I553,2015,195716,A,F,NR,
occ_arr,FOR,FR42,I553,2015,174467,A,F,NR,
occ_arr,FOR,FR43,I553,2015,157995,A,F,NR,
occ_arr,FOR,FR5,I553,2015,1026415,A,F,NR,
occ_arr,FOR,FR51,I553,2015,331618,A,F,NR,
occ_arr,FOR,FR52,I553,2015,476794,A,F,NR,
occ_arr,FOR,FR53,I553,2015,218002,A,F,NR,
occ_arr,FOR,FR6,I553,2015,1014318,A,F,NR,
occ_arr,FOR,FR61,I553,2015,721927,A,F,NR,
occ_arr,FOR,FR62,I553,2015,226829,A,F,NR,
occ_arr,FOR,FR63,I553,2015,65563,A,F,NR,
occ_arr,FOR,FR7,I553,2015,823016,A,F,NR,
occ_arr,FOR,FR71,I553,2015,692019,A,F,NR,
occ_arr,FOR,FR72,I553,2015,130997,A,F,NR,
occ_arr,FOR,FR8,I553,2015,2005239,A,F,NR,
occ_arr,FOR,FR81,I553,2015,742056,A,F,NR,
occ_arr,FOR,FR82,I553,2015,921149,A,F,NR,
occ_arr,FOR,FR83,I553,2015,342034,A,F,NR,
occ_arr,NAT,FR,I551,2015,78799599,A,F,NR,
occ_arr,NAT,FR1,I551,2015,16813814,A,F,NR,
occ_arr,NAT,FR10,I551,2015,16813814,A,F,NR,
occ_arr,NAT,FR2,I551,2015,11995623,A,F,NR,
occ_arr,NAT,FR21,I551,2015,1385692,A,F,NR,
occ_arr,NAT,FR22,I551,2015,1355233,A,F,NR,
occ_arr,NAT,FR23,I551,2015,1483634,A,F,NR,
occ_arr,NAT,FR24,I551,2015,3124546,A,F,NR,
occ_arr,NAT,FR25,I551,2015,2232365,A,F,NR,
occ_arr,NAT,FR26,I551,2015,2414153,A,F,NR,
occ_arr,NAT,FR3,I551,2015,2870459,A,F,NR,
occ_arr,NAT,FR30,I551,2015,2870459,A,F,NR,
occ_arr,NAT,FR4,I551,2015,5383998,A,F,NR,
occ_arr,NAT,FR41,I551,2015,1867583,A,F,NR,
occ_arr,NAT,FR42,I551,2015,2413959,A,F,NR,
occ_arr,NAT,FR43,I551,2015,1102456,A,F,NR,
occ_arr,NAT,FR5,I551,2015,10230195,A,F,NR,
occ_arr,NAT,FR51,I551,2015,3752074,A,F,NR,
occ_arr,NAT,FR52,I551,2015,3851660,A,F,NR,
occ_arr,NAT,FR53,I551,2015,2626461,A,F,NR,
occ_arr,NAT,FR6,I551,2015,8667071,A,F,NR,
occ_arr,NAT,FR61,I551,2015,4421541,A,F,NR,
occ_arr,NAT,FR62,I551,2015,3425598,A,F,NR,
occ_arr,NAT,FR63,I551,2015,819933,A,F,NR,
occ_arr,NAT,FR7,I551,2015,10237902,A,F,NR,
occ_arr,NAT,FR71,I551,2015,8257163,A,F,NR,
occ_arr,NAT,FR72,I551,2015,1980739,A,F,NR,
occ_arr,NAT,FR8,I551,2015,11557177,A,F,NR,
occ_arr,NAT,FR81,I551,2015,3466846,A,F,NR,
occ_arr,NAT,FR82,I551,2015,7046699,A,F,NR,
occ_arr,NAT,FR83,I551,2015,1043632,A,F,NR,
occ_arr,NAT,FRA,I551,2015,1043359,A,F,NR,
occ_arr,NAT,FRA1,I551,2015,237387,A,F,NR,
occ_arr,NAT,FRA2,I551,2015,237253,A,F,NR,
occ_arr,NAT,FRA3,I551,2015,126798,A,F,NR,
occ_arr,NAT,FRA4,I551,2015,441921,A,F,NR,
occ_arr,NAT,FR,I552,2015,17607143,A,F,NR,
occ_arr,NAT,FR1,I552,2015,1626803,A,F,NR,
occ_arr,NAT,FR10,I552,2015,1626803,A,F,NR,
occ_arr,NAT,FR2,I552,2015,2001784,A,F,NR,
occ_arr,NAT,FR21,I552,2015,88112,A,F,NR,
occ_arr,NAT,FR22,I552,2015,394697,A,F,NR,
occ_arr,NAT,FR23,I552,2015,393118,A,F,NR,
occ_arr,NAT,FR24,I552,2015,528413,A,F,NR,
occ_arr,NAT,FR25,I552,2015,457101,A,F,NR,
occ_arr,NAT,FR26,I552,2015,140343,A,F,NR,
occ_arr,NAT,FR3,I552,2015,254041,A,F,NR,
occ_arr,NAT,FR30,I552,2015,254041,A,F,NR,
occ_arr,NAT,FR4,I552,2015,952439,A,F,NR,
occ_arr,NAT,FR41,I552,2015,420081,A,F,NR,
occ_arr,NAT,FR42,I552,2015,369094,A,F,NR,
occ_arr,NAT,FR43,I552,2015,163264,A,F,NR,
occ_arr,NAT,FR5,I552,2015,2248028,A,F,NR,
occ_arr,NAT,FR51,I552,2015,862090,A,F,NR,
occ_arr,NAT,FR52,I552,2015,907270,A,F,NR,
occ_arr,NAT,FR53,I552,2015,478668,A,F,NR,
occ_arr,NAT,FR6,I552,2015,2489779,A,F,NR,
occ_arr,NAT,FR61,I552,2015,1498283,A,F,NR,
occ_arr,NAT,FR62,I552,2015,886346,A,F,NR,
occ_arr,NAT,FR63,I552,2015,105151,A,F,NR,
occ_arr,NAT,FR7,I552,2015,3263298,A,F,NR,
occ_arr,NAT,FR71,I552,2015,2986808,A,F,NR,
occ_arr,NAT,FR72,I552,2015,276490,A,F,NR,
occ_arr,NAT,FR8,I552,2015,4758028,A,F,NR,
occ_arr,NAT,FR81,I552,2015,1378014,A,F,NR,
occ_arr,NAT,FR82,I552,2015,2980688,A,F,NR,
occ_arr,NAT,FR83,I552,2015,399326,A,F,NR,
occ_arr,NAT,FRA,I552,2015,12943,A,F,NR,
occ_arr,NAT,FRA1,I552,2015,1574,A,F,NR,
occ_arr,NAT,FRA2,I552,2015,11369,A,F,NR,
occ_arr,NAT,FR,I553,2015,7402432,A,F,NR,
occ_arr,NAT,FR1,I553,2015,396569,A,F,NR,
occ_arr,NAT,FR10,I553,2015,396569,A,F,NR,
occ_arr,NAT,FR2,I553,2015,1476730,A,F,NR,
occ_arr,NAT,FR21,I553,2015,184884,A,F,NR,
occ_arr,NAT,FR22,I553,2015,278365,A,F,NR,
occ_arr,NAT,FR23,I553,2015,138127,A,F,NR,
occ_arr,NAT,FR24,I553,2015,288044,A,F,NR,
occ_arr,NAT,FR25,I553,2015,278880,A,F,NR,
occ_arr,NAT,FR26,I553,2015,308430,A,F,NR,
occ_arr,NAT,FR3,I553,2015,131967,A,F,NR,
occ_arr,NAT,FR30,I553,2015,131967,A,F,NR,
occ_arr,NAT,FR4,I553,2015,528178,A,F,NR,
occ_arr,NAT,FR41,I553,2015,195716,A,F,NR,
occ_arr,NAT,FR42,I553,2015,174467,A,F,NR,
occ_arr,NAT,FR43,I553,2015,157995,A,F,NR,
occ_arr,NAT,FR5,I553,2015,1026415,A,F,NR,
occ_arr,NAT,FR51,I553,2015,331618,A,F,NR,
occ_arr,NAT,FR52,I553,2015,476794,A,F,NR,
occ_arr,NAT,FR53,I553,2015,218002,A,F,NR,
occ_arr,NAT,FR6,I553,2015,1014318,A,F,NR,
occ_arr,NAT,FR61,I553,2015,721927,A,F,NR,
occ_arr,NAT,FR62,I553,2015,226829,A,F,NR,
occ_arr,NAT,FR63,I553,2015,65563,A,F,NR,
occ_arr,NAT,FR7,I553,2015,823016,A,F,NR,
occ_arr,NAT,FR71,I553,2015,692019,A,F,NR,
occ_arr,NAT,FR72,I553,2015,130997,A,F,NR,
occ_arr,NAT,FR8,I553,2015,2005239,A,F,NR,
occ_arr,NAT,FR81,I553,2015,742056,A,F,NR,
occ_arr,NAT,FR82,I553,2015,921149,A,F,NR,
occ_arr,NAT,FR83,I553,2015,342034,A,F,NR,
occ_ni,FOR,FR,I551TOI553,2015,130464997,A,F,NR,
occ_ni,FOR,FR1,I551TOI553,2015,43216240,A,F,NR,
occ_ni,FOR,FR10,I551TOI553,2015,43216240,A,F,NR,
occ_ni,FOR,FR2,I551TOI553,2015,11174286,A,F,NR,
occ_ni,FOR,FR21,I551TOI553,2015,1251984,A,F,NR,
occ_ni,FOR,FR22,I551TOI553,2015,1429425,A,F,NR,
occ_ni,FOR,FR23,I551TOI553,2015,1037276,A,F,NR,
occ_ni,FOR,FR24,I551TOI553,2015,2359832,A,F,NR,
occ_ni,FOR,FR25,I551TOI553,2015,2552561,A,F,NR,
occ_ni,FOR,FR26,I551TOI553,2015,2543208,A,F,NR,
occ_ni,FOR,FR3,I551TOI553,2015,2205346,A,F,NR,
occ_ni,FOR,FR30,I551TOI553,2015,2205346,A,F,NR,
occ_ni,FOR,FR4,I551TOI553,2015,6688026,A,F,NR,
occ_ni,FOR,FR41,I551TOI553,2015,1934816,A,F,NR,
occ_ni,FOR,FR42,I551TOI553,2015,3639654,A,F,NR,
occ_ni,FOR,FR43,I551TOI553,2015,1113555,A,F,NR,
occ_ni,FOR,FR5,I551TOI553,2015,9543025,A,F,NR,
occ_ni,FOR,FR51,I551TOI553,2015,3282698,A,F,NR,
occ_ni,FOR,FR52,I551TOI553,2015,4238965,A,F,NR,
occ_ni,FOR,FR53,I551TOI553,2015,2021361,A,F,NR,
occ_ni,FOR,FR6,I551TOI553,2015,12352128,A,F,NR,
occ_ni,FOR,FR61,I551TOI553,2015,7624687,A,F,NR,
occ_ni,FOR,FR62,I551TOI553,2015,4289740,A,F,NR,
occ_ni,FOR,FR63,I551TOI553,2015,437701,A,F,NR,
occ_ni,FOR,FR7,I551TOI553,2015,15113721,A,F,NR,
occ_ni,FOR,FR71,I551TOI553,2015,14249738,A,F,NR,
occ_ni,FOR,FR72,I551TOI553,2015,863983,A,F,NR,
occ_ni,FOR,FR8,I551TOI553,2015,29492688,A,F,NR,
occ_ni,FOR,FR81,I551TOI553,2015,7962843,A,F,NR,
occ_ni,FOR,FR82,I551TOI553,2015,18672427,A,F,NR,
occ_ni,FOR,FR83,I551TOI553,2015,2857418,A,F,NR,
occ_ni,FOR,FRA,I551TOI553,2015,679538,A,F,NR,
occ_ni,FOR,FRA1,I551TOI553,2015,164427,A,F,NR,
occ_ni,FOR,FRA2,I551TOI553,2015,300913,A,F,NR,
occ_ni,FOR,FRA3,I551TOI553,2015,69253,A,F,NR,
occ_ni,FOR,FRA4,I551TOI553,2015,144946,A,F,NR,
occ_ni,FOR,FRA5,I551TOI553,2015,0,A,F,NR,
occ_ni,FOR,FR,I551,2015,74456927,A,F,NR,
occ_ni,FOR,FR1,I551,2015,37832398,A,F,NR,
occ_ni,FOR,FR10,I551,2015,37832398,A,F,NR,
occ_ni,FOR,FR2,I551,2015,6276187,A,F,NR,
occ_ni,FOR,FR21,I551,2015,830980,A,F,NR,
occ_ni,FOR,FR22,I551,2015,533811,A,F,NR,
occ_ni,FOR,FR23,I551,2015,616203,A,F,NR,
occ_ni,FOR,FR24,I551,2015,1337361,A,F,NR,
occ_ni,FOR,FR25,I551,2015,1206301,A,F,NR,
occ_ni,FOR,FR26,I551,2015,1751531,A,F,NR,
occ_ni,FOR,FR3,I551,2015,1742673,A,F,NR,
occ_ni,FOR,FR30,I551,2015,1742673,A,F,NR,
occ_ni,FOR,FR4,I551,2015,3975316,A,F,NR,
occ_ni,FOR,FR41,I551,2015,822962,A,F,NR,
occ_ni,FOR,FR42,I551,2015,2756458,A,F,NR,
occ_ni,FOR,FR43,I551,2015,395896,A,F,NR,
occ_ni,FOR,FR5,I551,2015,2484043,A,F,NR,
occ_ni,FOR,FR51,I551,2015,729796,A,F,NR,
occ_ni,FOR,FR52,I551,2015,1164685,A,F,NR,
occ_ni,FOR,FR53,I551,2015,589563,A,F,NR,
occ_ni,FOR,FR6,I551,2015,4386989,A,F,NR,
occ_ni,FOR,FR61,I551,2015,1788856,A,F,NR,
occ_ni,FOR,FR62,I551,2015,2444235,A,F,NR,
occ_ni,FOR,FR63,I551,2015,153898,A,F,NR,
occ_ni,FOR,FR7,I551,2015,5702441,A,F,NR,
occ_ni,FOR,FR71,I551,2015,5312590,A,F,NR,
occ_ni,FOR,FR72,I551,2015,389851,A,F,NR,
occ_ni,FOR,FR8,I551,2015,11381705,A,F,NR,
occ_ni,FOR,FR81,I551,2015,1559889,A,F,NR,
occ_ni,FOR,FR82,I551,2015,9024343,A,F,NR,
occ_ni,FOR,FR83,I551,2015,797473,A,F,NR,
occ_ni,FOR,FRA,I551,2015,675176,A,F,NR,
occ_ni,FOR,FRA1,I551,2015,161976,A,F,NR,
occ_ni,FOR,FRA2,I551,2015,299002,A,F,NR,
occ_ni,FOR,FRA3,I551,2015,69253,A,F,NR,
occ_ni,FOR,FRA4,I551,2015,144946,A,F,NR,
occ_ni,FOR,FR,I552,2015,19963741,A,F,NR,
occ_ni,FOR,FR1,I552,2015,4220350,A,F,NR,
occ_ni,FOR,FR10,I552,2015,4220350,A,F,NR,
occ_ni,FOR,FR2,I552,2015,997343,A,F,NR,
occ_ni,FOR,FR21,I552,2015,67778,A,F,NR,
occ_ni,FOR,FR22,I552,2015,305928,A,F,NR,
occ_ni,FOR,FR23,I552,2015,98779,A,F,NR,
occ_ni,FOR,FR24,I552,2015,166752,A,F,NR,
occ_ni,FOR,FR25,I552,2015,284223,A,F,NR,
occ_ni,FOR,FR26,I552,2015,73883,A,F,NR,
occ_ni,FOR,FR3,I552,2015,157868,A,F,NR,
occ_ni,FOR,FR30,I552,2015,157868,A,F,NR,
occ_ni,FOR,FR4,I552,2015,997109,A,F,NR,
occ_ni,FOR,FR41,I552,2015,587093,A,F,NR,
occ_ni,FOR,FR42,I552,2015,360068,A,F,NR,
occ_ni,FOR,FR43,I552,2015,49947,A,F,NR,
occ_ni,FOR,FR5,I552,2015,1162592,A,F,NR,
occ_ni,FOR,FR51,I552,2015,447572,A,F,NR,
occ_ni,FOR,FR52,I552,2015,499320,A,F,NR,
occ_ni,FOR,FR53,I552,2015,215701,A,F,NR,
occ_ni,FOR,FR6,I552,2015,1692227,A,F,NR,
occ_ni,FOR,FR61,I552,2015,1016977,A,F,NR,
occ_ni,FOR,FR62,I552,2015,653132,A,F,NR,
occ_ni,FOR,FR63,I552,2015,22118,A,F,NR,
occ_ni,FOR,FR7,I552,2015,5424496,A,F,NR,
occ_ni,FOR,FR71,I552,2015,5364948,A,F,NR,
occ_ni,FOR,FR72,I552,2015,59549,A,F,NR,
occ_ni,FOR,FR8,I552,2015,5307394,A,F,NR,
occ_ni,FOR,FR81,I552,2015,1053786,A,F,NR,
occ_ni,FOR,FR82,I552,2015,3744872,A,F,NR,
occ_ni,FOR,FR83,I552,2015,508735,A,F,NR,
occ_ni,FOR,FRA,I552,2015,4362,A,F,NR,
occ_ni,FOR,FRA1,I552,2015,2451,A,F,NR,
occ_ni,FOR,FRA2,I552,2015,1911,A,F,NR,
occ_ni,FOR,FR,I553,2015,36044329,A,F,NR,
occ_ni,FOR,FR1,I553,2015,1163492,A,F,NR,
occ_ni,FOR,FR10,I553,2015,1163492,A,F,NR,
occ_ni,FOR,FR2,I553,2015,3900755,A,F,NR,
occ_ni,FOR,FR21,I553,2015,353226,A,F,NR,
occ_ni,FOR,FR22,I553,2015,589686,A,F,NR,
occ_ni,FOR,FR23,I553,2015,322294,A,F,NR,
occ_ni,FOR,FR24,I553,2015,855719,A,F,NR,
occ_ni,FOR,FR25,I553,2015,1062037,A,F,NR,
occ_ni,FOR,FR26,I553,2015,717793,A,F,NR,
occ_ni,FOR,FR3,I553,2015,304805,A,F,NR,
occ_ni,FOR,FR30,I553,2015,304805,A,F,NR,
occ_ni,FOR,FR4,I553,2015,1715601,A,F,NR,
occ_ni,FOR,FR41,I553,2015,524761,A,F,NR,
occ_ni,FOR,FR42,I553,2015,523128,A,F,NR,
occ_ni,FOR,FR43,I553,2015,667712,A,F,NR,
occ_ni,FOR,FR5,I553,2015,5896390,A,F,NR,
occ_ni,FOR,FR51,I553,2015,2105331,A,F,NR,
occ_ni,FOR,FR52,I553,2015,2574961,A,F,NR,
occ_ni,FOR,FR53,I553,2015,1216098,A,F,NR,
occ_ni,FOR,FR6,I553,2015,6272912,A,F,NR,
occ_ni,FOR,FR61,I553,2015,4818855,A,F,NR,
occ_ni,FOR,FR62,I553,2015,1192372,A,F,NR,
occ_ni,FOR,FR63,I553,2015,261685,A,F,NR,
occ_ni,FOR,FR7,I553,2015,3986783,A,F,NR,
occ_ni,FOR,FR71,I553,2015,3572200,A,F,NR,
occ_ni,FOR,FR72,I553,2015,414583,A,F,NR,
occ_ni,FOR,FR8,I553,2015,12803590,A,F,NR,
occ_ni,FOR,FR81,I553,2015,5349167,A,F,NR,
occ_ni,FOR,FR82,I553,2015,5903212,A,F,NR,
occ_ni,FOR,FR83,I553,2015,1551211,A,F,NR,
occ_ni,NAT,FR,I551TOI553,2015,279587890,A,F,NR,
occ_ni,NAT,FR1,I551TOI553,2015,33594663,A,F,NR,
occ_ni,NAT,FR10,I551TOI553,2015,33594663,A,F,NR,
occ_ni,NAT,FR2,I551TOI553,2015,27709100,A,F,NR,
occ_ni,NAT,FR21,I551TOI553,2015,2601700,A,F,NR,
occ_ni,NAT,FR22,I551TOI553,2015,3772204,A,F,NR,
occ_ni,NAT,FR23,I551TOI553,2015,3927343,A,F,NR,
occ_ni,NAT,FR24,I551TOI553,2015,6931921,A,F,NR,
occ_ni,NAT,FR25,I551TOI553,2015,6254269,A,F,NR,
occ_ni,NAT,FR26,I551TOI553,2015,4221663,A,F,NR,
occ_ni,NAT,FR3,I551TOI553,2015,5767425,A,F,NR,
occ_ni,NAT,FR30,I551TOI553,2015,5767425,A,F,NR,
occ_ni,NAT,FR4,I551TOI553,2015,12843182,A,F,NR,
occ_ni,NAT,FR41,I551TOI553,2015,4610826,A,F,NR,
occ_ni,NAT,FR42,I551TOI553,2015,5373453,A,F,NR,
occ_ni,NAT,FR43,I551TOI553,2015,2858902,A,F,NR,
occ_ni,NAT,FR5,I551TOI553,2015,48099794,A,F,NR,
occ_ni,NAT,FR51,I551TOI553,2015,18190941,A,F,NR,
occ_ni,NAT,FR52,I551TOI553,2015,17662136,A,F,NR,
occ_ni,NAT,FR53,I551TOI553,2015,12246717,A,F,NR,
occ_ni,NAT,FR6,I551TOI553,2015,39556489,A,F,NR,
occ_ni,NAT,FR61,I551TOI553,2015,24635677,A,F,NR,
occ_ni,NAT,FR62,I551TOI553,2015,12838854,A,F,NR,
occ_ni,NAT,FR63,I551TOI553,2015,2081958,A,F,NR,
occ_ni,NAT,FR7,I551TOI553,2015,40141310,A,F,NR,
occ_ni,NAT,FR71,I551TOI553,2015,34421231,A,F,NR,
occ_ni,NAT,FR72,I551TOI553,2015,5720079,A,F,NR,
occ_ni,NAT,FR8,I551TOI553,2015,68869800,A,F,NR,
occ_ni,NAT,FR81,I551TOI553,2015,26080809,A,F,NR,
occ_ni,NAT,FR82,I551TOI553,2015,35892755,A,F,NR,
occ_ni,NAT,FR83,I551TOI553,2015,6896236,A,F,NR,
occ_ni,NAT,FRA,I551TOI553,2015,3006128,A,F,NR,
occ_ni,NAT,FRA1,I551TOI553,2015,826291,A,F,NR,
occ_ni,NAT,FRA2,I551TOI553,2015,1009089,A,F,NR,
occ_ni,NAT,FRA3,I551TOI553,2015,284899,A,F,NR,
occ_ni,NAT,FRA4,I551TOI553,2015,885849,A,F,NR,
occ_ni,NAT,FRA5,I551TOI553,2015,0,A,F,NR,
occ_ni,NAT,FR,I551,2015,131209905,A,F,NR,
occ_ni,NAT,FR1,I551,2015,28479371,A,F,NR,
occ_ni,NAT,FR10,I551,2015,28479371,A,F,NR,
occ_ni,NAT,FR2,I551,2015,17494941,A,F,NR,
occ_ni,NAT,FR21,I551,2015,2077817,A,F,NR,
occ_ni,NAT,FR22,I551,2015,2032544,A,F,NR,
occ_ni,NAT,FR23,I551,2015,2223555,A,F,NR,
occ_ni,NAT,FR24,I551,2015,4362315,A,F,NR,
occ_ni,NAT,FR25,I551,2015,3468732,A,F,NR,
occ_ni,NAT,FR26,I551,2015,3329978,A,F,NR,
occ_ni,NAT,FR3,I551,2015,4608123,A,F,NR,
occ_ni,NAT,FR30,I551,2015,4608123,A,F,NR,
occ_ni,NAT,FR4,I551,2015,8540777,A,F,NR,
occ_ni,NAT,FR41,I551,2015,2927181,A,F,NR,
occ_ni,NAT,FR42,I551,2015,3978599,A,F,NR,
occ_ni,NAT,FR43,I551,2015,1634997,A,F,NR,
occ_ni,NAT,FR5,I551,2015,16490800,A,F,NR,
occ_ni,NAT,FR51,I551,2015,5899030,A,F,NR,
occ_ni,NAT,FR52,I551,2015,6335836,A,F,NR,
occ_ni,NAT,FR53,I551,2015,4255935,A,F,NR,
occ_ni,NAT,FR6,I551,2015,14410252,A,F,NR,
occ_ni,NAT,FR61,I551,2015,7522535,A,F,NR,
occ_ni,NAT,FR62,I551,2015,5751580,A,F,NR,
occ_ni,NAT,FR63,I551,2015,1136137,A,F,NR,
occ_ni,NAT,FR7,I551,2015,16967267,A,F,NR,
occ_ni,NAT,FR71,I551,2015,13867397,A,F,NR,
occ_ni,NAT,FR72,I551,2015,3099870,A,F,NR,
occ_ni,NAT,FR8,I551,2015,21314178,A,F,NR,
occ_ni,NAT,FR81,I551,2015,5944500,A,F,NR,
occ_ni,NAT,FR82,I551,2015,13135893,A,F,NR,
occ_ni,NAT,FR83,I551,2015,2233786,A,F,NR,
occ_ni,NAT,FRA,I551,2015,2904196,A,F,NR,
occ_ni,NAT,FRA1,I551,2015,809887,A,F,NR,
occ_ni,NAT,FRA2,I551,2015,923561,A,F,NR,
occ_ni,NAT,FRA3,I551,2015,284899,A,F,NR,
occ_ni,NAT,FRA4,I551,2015,885849,A,F,NR,
occ_ni,NAT,FR,I552,2015,71546684,A,F,NR,
occ_ni,NAT,FR1,I552,2015,4654792,A,F,NR,
occ_ni,NAT,FR10,I552,2015,4654792,A,F,NR,
occ_ni,NAT,FR2,I552,2015,5873268,A,F,NR,
occ_ni,NAT,FR21,I552,2015,250303,A,F,NR,
occ_ni,NAT,FR22,I552,2015,1158931,A,F,NR,
occ_ni,NAT,FR23,I552,2015,1286278,A,F,NR,
occ_ni,NAT,FR24,I552,2015,1615764,A,F,NR,
occ_ni,NAT,FR25,I552,2015,1224456,A,F,NR,
occ_ni,NAT,FR26,I552,2015,337537,A,F,NR,
occ_ni,NAT,FR3,I552,2015,681155,A,F,NR,
occ_ni,NAT,FR30,I552,2015,681155,A,F,NR,
occ_ni,NAT,FR4,I552,2015,2744768,A,F,NR,
occ_ni,NAT,FR41,I552,2015,1270028,A,F,NR,
occ_ni,NAT,FR42,I552,2015,956251,A,F,NR,
occ_ni,NAT,FR43,I552,2015,518489,A,F,NR,
occ_ni,NAT,FR5,I552,2015,8864970,A,F,NR,
occ_ni,NAT,FR51,I552,2015,3317454,A,F,NR,
occ_ni,NAT,FR52,I552,2015,3553734,A,F,NR,
occ_ni,NAT,FR53,I552,2015,1993782,A,F,NR,
occ_ni,NAT,FR6,I552,2015,10601793,A,F,NR,
occ_ni,NAT,FR61,I552,2015,6323184,A,F,NR,
occ_ni,NAT,FR62,I552,2015,3879093,A,F,NR,
occ_ni,NAT,FR63,I552,2015,399516,A,F,NR,
occ_ni,NAT,FR7,I552,2015,16189213,A,F,NR,
occ_ni,NAT,FR71,I552,2015,15021932,A,F,NR,
occ_ni,NAT,FR72,I552,2015,1167281,A,F,NR,
occ_ni,NAT,FR8,I552,2015,21834794,A,F,NR,
occ_ni,NAT,FR81,I552,2015,6153814,A,F,NR,
occ_ni,NAT,FR82,I552,2015,13533714,A,F,NR,
occ_ni,NAT,FR83,I552,2015,2147266,A,F,NR,
occ_ni,NAT,FRA,I552,2015,101932,A,F,NR,
occ_ni,NAT,FRA1,I552,2015,16404,A,F,NR,
occ_ni,NAT,FRA2,I552,2015,85528,A,F,NR,
occ_ni,NAT,FR,I553,2015,76831301,A,F,NR,
occ_ni,NAT,FR1,I553,2015,460500,A,F,NR,
occ_ni,NAT,FR10,I553,2015,460500,A,F,NR,
occ_ni,NAT,FR2,I553,2015,4340891,A,F,NR,
occ_ni,NAT,FR21,I553,2015,273581,A,F,NR,
occ_ni,NAT,FR22,I553,2015,580729,A,F,NR,
occ_ni,NAT,FR23,I553,2015,417511,A,F,NR,
occ_ni,NAT,FR24,I553,2015,953842,A,F,NR,
occ_ni,NAT,FR25,I553,2015,1561080,A,F,NR,
occ_ni,NAT,FR26,I553,2015,554148,A,F,NR,
occ_ni,NAT,FR3,I553,2015,478147,A,F,NR,
occ_ni,NAT,FR30,I553,2015,478147,A,F,NR,
occ_ni,NAT,FR4,I553,2015,1557637,A,F,NR,
occ_ni,NAT,FR41,I553,2015,413616,A,F,NR,
occ_ni,NAT,FR42,I553,2015,438604,A,F,NR,
occ_ni,NAT,FR43,I553,2015,705417,A,F,NR,
occ_ni,NAT,FR5,I553,2015,22744024,A,F,NR,
occ_ni,NAT,FR51,I553,2015,8974457,A,F,NR,
occ_ni,NAT,FR52,I553,2015,7772567,A,F,NR,
occ_ni,NAT,FR53,I553,2015,5997000,A,F,NR,
occ_ni,NAT,FR6,I553,2015,14544445,A,F,NR,
occ_ni,NAT,FR61,I553,2015,10789958,A,F,NR,
occ_ni,NAT,FR62,I553,2015,3208182,A,F,NR,
occ_ni,NAT,FR63,I553,2015,546305,A,F,NR,
occ_ni,NAT,FR7,I553,2015,6984830,A,F,NR,
occ_ni,NAT,FR71,I553,2015,5531903,A,F,NR,
occ_ni,NAT,FR72,I553,2015,1452927,A,F,NR,
occ_ni,NAT,FR8,I553,2015,25720828,A,F,NR,
occ_ni,NAT,FR81,I553,2015,13982496,A,F,NR,
occ_ni,NAT,FR82,I553,2015,9223147,A,F,NR,
occ_ni,NAT,FR83,I553,2015,2515184,A,F,NR,
occ_ni,NAT,FR,I551TOI553,2016,280850016,A,F,NR,
occ_ni,NAT,FR1,I551TOI553,2016,32917324,A,F,NR,
occ_ni,NAT,FR10,I551TOI553,2016,32917324,A,F,NR,
occ_ni,NAT,FR2,I551TOI553,2016,28204192,A,F,NR,
occ_ni,NAT,FR21,I551TOI553,2016,2550830,A,F,NR,
occ_ni,NAT,FR22,I551TOI553,2016,3696836,A,F,NR,
occ_ni,NAT,FR23,I551TOI553,2016,3945355,A,F,NR,
occ_ni,NAT,FR24,I551TOI553,2016,7310876,A,F,NR,
occ_ni,NAT,FR25,I551TOI553,2016,6307675,A,F,NR,
occ_ni,NAT,FR26,I551TOI553,2016,4392620,A,F,NR,
occ_ni,NAT,FR3,I551TOI553,2016,5966956,A,F,NR,
occ_ni,NAT,FR30,I551TOI553,2016,5966956,A,F,NR,
occ_ni,NAT,FR4,I551TOI553,2016,13103149,A,F,NR,
occ_ni,NAT,FR41,I551TOI553,2016,4747018,A,F,NR,
occ_ni,NAT,FR42,I551TOI553,2016,5505347,A,F,NR,
occ_ni,NAT,FR43,I551TOI553,2016,2850784,A,F,NR,
occ_ni,NAT,FR5,I551TOI553,2016,48594731,A,F,NR,
occ_ni,NAT,FR51,I551TOI553,2016,18365882,A,F,NR,
occ_ni,NAT,FR52,I551TOI553,2016,17289641,A,F,NR,
occ_ni,NAT,FR53,I551TOI553,2016,12939208,A,F,NR,
occ_ni,NAT,FR6,I551TOI553,2016,40382148,A,F,NR,
occ_ni,NAT,FR61,I551TOI553,2016,25144142,A,F,NR,
occ_ni,NAT,FR62,I551TOI553,2016,13102256,A,F,NR,
occ_ni,NAT,FR63,I551TOI553,2016,2135750,A,F,NR,
occ_ni,NAT,FR7,I551TOI553,2016,40938848,A,F,NR,
occ_ni,NAT,FR71,I551TOI553,2016,35064883,A,F,NR,
occ_ni,NAT,FR72,I551TOI553,2016,5873966,A,F,NR,
occ_ni,NAT,FR8,I551TOI553,2016,67538192,A,F,NR,
occ_ni,NAT,FR81,I551TOI553,2016,25943809,A,F,NR,
occ_ni,NAT,FR82,I551TOI553,2016,34497897,A,F,NR,
occ_ni,NAT,FR83,I551TOI553,2016,7096486,A,F,NR,
occ_ni,NAT,FRA,I551TOI553,2016,3204475,A,F,NR,
occ_ni,NAT,FRA1,I551TOI553,2016,925627,U,N,NR,
occ_ni,NAT,FRA2,I551TOI553,2016,964660,U,N,NR,
occ_ni,NAT,FRA3,I551TOI553,2016,266293,U,N,NR,
occ_ni,NAT,FRA4,I551TOI553,2016,1005741,A,F,NR,
occ_ni,NAT,FR,I551,2016,133631681,A,F,NR,
occ_ni,NAT,FR1,I551,2016,27793132,A,F,NR,
occ_ni,NAT,FR10,I551,2016,27793132,A,F,NR,
occ_ni,NAT,FR2,I551,2016,17979448,A,F,NR,
occ_ni,NAT,FR21,I551,2016,2064673,A,F,NR,
occ_ni,NAT,FR22,I551,2016,1948439,A,F,NR,
occ_ni,NAT,FR23,I551,2016,2312701,A,F,NR,
occ_ni,NAT,FR24,I551,2016,4641765,A,F,NR,
occ_ni,NAT,FR25,I551,2016,3511856,A,F,NR,
occ_ni,NAT,FR26,I551,2016,3500014,A,F,NR,
occ_ni,NAT,FR3,I551,2016,4769576,A,F,NR,
occ_ni,NAT,FR30,I551,2016,4769576,A,F,NR,
occ_ni,NAT,FR4,I551,2016,8740514,A,F,NR,
occ_ni,NAT,FR41,I551,2016,3051601,A,F,NR,
occ_ni,NAT,FR42,I551,2016,4067911,A,F,NR,
occ_ni,NAT,FR43,I551,2016,1621001,A,F,NR,
occ_ni,NAT,FR5,I551,2016,17149482,A,F,NR,
occ_ni,NAT,FR51,I551,2016,6292191,A,F,NR,
occ_ni,NAT,FR52,I551,2016,6523872,A,F,NR,
occ_ni,NAT,FR53,I551,2016,4333419,A,F,NR,
occ_ni,NAT,FR6,I551,2016,14864080,A,F,NR,
occ_ni,NAT,FR61,I551,2016,7764526,A,F,NR,
occ_ni,NAT,FR62,I551,2016,5918347,A,F,NR,
occ_ni,NAT,FR63,I551,2016,1181206,A,F,NR,
occ_ni,NAT,FR7,I551,2016,17591835,A,F,NR,
occ_ni,NAT,FR71,I551,2016,14444811,A,F,NR,
occ_ni,NAT,FR72,I551,2016,3147024,A,F,NR,
occ_ni,NAT,FR8,I551,2016,21657722,A,F,NR,
occ_ni,NAT,FR81,I551,2016,6044154,A,F,NR,
occ_ni,NAT,FR82,I551,2016,13343438,A,F,NR,
occ_ni,NAT,FR83,I551,2016,2270130,A,F,NR,
occ_ni,NAT,FRA,I551,2016,3085894,A,F,NR,
occ_ni,NAT,FRA1,I551,2016,807046,U,N,NR,
occ_ni,NAT,FRA2,I551,2016,964660,U,N,NR,
occ_ni,NAT,FRA3,I551,2016,266293,U,N,NR,
occ_ni,NAT,FRA4,I551,2016,1005741,A,F,NR,
occ_ni,NAT,FR,I552,2016,70989560,A,F,NR,
occ_ni,NAT,FR1,I552,2016,4683315,A,F,NR,
occ_ni,NAT,FR10,I552,2016,4683315,A,F,NR,
occ_ni,NAT,FR2,I552,2016,5969117,A,F,NR,
occ_ni,NAT,FR24,I552,2016,1720539,U,N,NR,
occ_ni,NAT,FR25,I552,2016,1298085,U,N,NR,
occ_ni,NAT,FR4,I552,2016,2827036,A,F,NR,
occ_ni,NAT,FR41,I552,2016,1279694,U,N,NR,
occ_ni,NAT,FR42,I552,2016,1017058,U,N,NR,
occ_ni,NAT,FR43,I552,2016,530284,U,N,NR,
occ_ni,NAT,FR5,I552,2016,9413815,A,F,NR,
occ_ni,NAT,FR51,I552,2016,3242897,A,F,NR,
occ_ni,NAT,FR52,I552,2016,3323509,A,F,NR,
occ_ni,NAT,FR53,I552,2016,2847408,U,N,NR,
occ_ni,NAT,FR6,I552,2016,10583734,A,F,NR,
occ_ni,NAT,FR61,I552,2016,6341838,A,F,NR,
occ_ni,NAT,FR62,I552,2016,3869439,A,F,NR,
occ_ni,NAT,FR7,I552,2016,16193546,A,F,NR,
occ_ni,NAT,FR71,I552,2016,14899216,A,F,NR,
occ_ni,NAT,FR72,I552,2016,1294330,U,N,NR,
occ_ni,NAT,FR8,I552,2016,20483646,A,F,NR,
occ_ni,NAT,FR81,I552,2016,5877175,A,F,NR,
occ_ni,NAT,FR82,I552,2016,12260049,A,F,NR,
occ_ni,NAT,FR83,I552,2016,2346421,A,F,NR,
occ_ni,NAT,FRA2,I552,2016,0,A,F,NR,
occ_ni,NAT,FRA3,I552,2016,0,A,F,NR,
occ_ni,NAT,FRA4,I552,2016,0,A,F,NR,
occ_ni,NAT,FRA5,I552,2016,0,A,F,NR,
occ_ni,NAT,FR,I553,2016,76228775,A,F,NR,
occ_ni,NAT,FR1,I553,2016,440877,U,N,NR,
occ_ni,NAT,FR10,I553,2016,440877,U,N,NR,
occ_ni,NAT,FR2,I553,2016,4255628,A,F,NR,
occ_ni,NAT,FR21,I553,2016,248547,A,F,NR,
occ_ni,NAT,FR22,I553,2016,627670,A,F,NR,
occ_ni,NAT,FR23,I553,2016,391148,A,F,NR,
occ_ni,NAT,FR24,I553,2016,948573,A,F,NR,
occ_ni,NAT,FR25,I553,2016,1497734,A,F,NR,
occ_ni,NAT,FR26,I553,2016,541956,A,F,NR,
occ_ni,NAT,FR3,I553,2016,480610,A,F,NR,
occ_ni,NAT,FR30,I553,2016,480610,A,F,NR,
occ_ni,NAT,FR4,I553,2016,1535599,A,F,NR,
occ_ni,NAT,FR41,I553,2016,415723,A,F,NR,
occ_ni,NAT,FR42,I553,2016,420378,A,F,NR,
occ_ni,NAT,FR43,I553,2016,699499,A,F,NR,
occ_ni,NAT,FR5,I553,2016,22031435,A,F,NR,
occ_ni,NAT,FR51,I553,2016,8830794,A,F,NR,
occ_ni,NAT,FR52,I553,2016,7442260,A,F,NR,
occ_ni,NAT,FR53,I553,2016,5758381,A,F,NR,
occ_ni,NAT,FR6,I553,2016,14934334,A,F,NR,
occ_ni,NAT,FR61,I553,2016,11037777,A,F,NR,
occ_ni,NAT,FR62,I553,2016,3314470,A,F,NR,
occ_ni,NAT,FR63,I553,2016,582087,A,F,NR,
occ_ni,NAT,FR7,I553,2016,7153468,A,F,NR,
occ_ni,NAT,FR71,I553,2016,5720856,A,F,NR,
occ_ni,NAT,FR72,I553,2016,1432612,A,F,NR,
occ_ni,NAT,FR8,I553,2016,25396824,A,F,NR,
occ_ni,NAT,FR81,I553,2016,14022479,A,F,NR,
occ_ni,NAT,FR82,I553,2016,8894410,A,F,NR,
occ_ni,NAT,FR83,I553,2016,2479935,A,F,NR,
occ_ni,NAT,FRA,I553,2016,0,A,F,NR,
occ_ni,NAT,FRA1,I553,2016,0,A,F,NR,
occ_ni,NAT,FRA2,I553,2016,0,A,F,NR,
occ_ni,NAT,FRA3,I553,2016,0,A,F,NR,
occ_ni,NAT,FRA4,I553,2016,0,A,F,NR,
occ_ni,NAT,FRA5,I553,2016,0,A,F,NR,
occ_ni,FOR,FR,I551TOI553,2016,123913410,A,F,NR,
occ_ni,FOR,FR1,I551TOI553,2016,38267721,A,F,NR,
occ_ni,FOR,FR10,I551TOI553,2016,38267721,A,F,NR,
occ_ni,FOR,FR2,I551TOI553,2016,10566424,A,F,NR,
occ_ni,FOR,FR21,I551TOI553,2016,1322856,A,F,NR,
occ_ni,FOR,FR22,I551TOI553,2016,1472716,A,F,NR,
occ_ni,FOR,FR23,I551TOI553,2016,956127,A,F,NR,
occ_ni,FOR,FR24,I551TOI553,2016,2112560,A,F,NR,
occ_ni,FOR,FR25,I551TOI553,2016,2339875,A,F,NR,
occ_ni,FOR,FR26,I551TOI553,2016,2362291,A,F,NR,
occ_ni,FOR,FR3,I551TOI553,2016,2269861,A,F,NR,
occ_ni,FOR,FR30,I551TOI553,2016,2269861,A,F,NR,
occ_ni,FOR,FR4,I551TOI553,2016,6779415,A,F,NR,
occ_ni,FOR,FR41,I551TOI553,2016,2007094,A,F,NR,
occ_ni,FOR,FR42,I551TOI553,2016,3623744,A,F,NR,
occ_ni,FOR,FR43,I551TOI553,2016,1148576,A,F,NR,
occ_ni,FOR,FR5,I551TOI553,2016,9175315,A,F,NR,
occ_ni,FOR,FR51,I551TOI553,2016,2956448,A,F,NR,
occ_ni,FOR,FR52,I551TOI553,2016,3954238,A,F,NR,
occ_ni,FOR,FR53,I551TOI553,2016,2264628,A,F,NR,
occ_ni,FOR,FR6,I551TOI553,2016,12579911,A,F,NR,
occ_ni,FOR,FR61,I551TOI553,2016,7745056,A,F,NR,
occ_ni,FOR,FR62,I551TOI553,2016,4400446,A,F,NR,
occ_ni,FOR,FR63,I551TOI553,2016,434409,A,F,NR,
occ_ni,FOR,FR7,I551TOI553,2016,14868403,A,F,NR,
occ_ni,FOR,FR71,I551TOI553,2016,13986776,A,F,NR,
occ_ni,FOR,FR72,I551TOI553,2016,881626,A,F,NR,
occ_ni,FOR,FR8,I551TOI553,2016,28687341,A,F,NR,
occ_ni,FOR,FR81,I551TOI553,2016,8184851,A,F,NR,
occ_ni,FOR,FR82,I551TOI553,2016,17292201,A,F,NR,
occ_ni,FOR,FR83,I551TOI553,2016,3210289,A,F,NR,
occ_ni,FOR,FRA,I551TOI553,2016,719021,A,F,NR,
occ_ni,FOR,FRA1,I551TOI553,2016,210591,U,N,NR,
occ_ni,FOR,FRA2,I551TOI553,2016,229109,U,N,NR,
occ_ni,FOR,FRA3,I551TOI553,2016,92043,U,N,NR,
occ_ni,FOR,FRA4,I551TOI553,2016,148009,A,F,NR,
occ_ni,FOR,FR,I551,2016,70245367,A,F,NR,
occ_ni,FOR,FR1,I551,2016,33724543,A,F,NR,
occ_ni,FOR,FR10,I551,2016,33724543,A,F,NR,
occ_ni,FOR,FR2,I551,2016,5966544,A,F,NR,
occ_ni,FOR,FR21,I551,2016,883141,A,F,NR,
occ_ni,FOR,FR22,I551,2016,578685,A,F,NR,
occ_ni,FOR,FR23,I551,2016,600966,A,F,NR,
occ_ni,FOR,FR24,I551,2016,1160346,A,F,NR,
occ_ni,FOR,FR25,I551,2016,1156336,A,F,NR,
occ_ni,FOR,FR26,I551,2016,1587071,A,F,NR,
occ_ni,FOR,FR3,I551,2016,1819755,A,F,NR,
occ_ni,FOR,FR30,I551,2016,1819755,A,F,NR,
occ_ni,FOR,FR4,I551,2016,3995091,A,F,NR,
occ_ni,FOR,FR41,I551,2016,821554,A,F,NR,
occ_ni,FOR,FR42,I551,2016,2771820,A,F,NR,
occ_ni,FOR,FR43,I551,2016,401717,A,F,NR,
occ_ni,FOR,FR5,I551,2016,2500078,A,F,NR,
occ_ni,FOR,FR51,I551,2016,760717,A,F,NR,
occ_ni,FOR,FR52,I551,2016,1131214,A,F,NR,
occ_ni,FOR,FR53,I551,2016,608146,A,F,NR,
occ_ni,FOR,FR6,I551,2016,4527796,A,F,NR,
occ_ni,FOR,FR61,I551,2016,1866572,A,F,NR,
occ_ni,FOR,FR62,I551,2016,2507068,A,F,NR,
occ_ni,FOR,FR63,I551,2016,154156,A,F,NR,
occ_ni,FOR,FR7,I551,2016,6091758,A,F,NR,
occ_ni,FOR,FR71,I551,2016,5691263,A,F,NR,
occ_ni,FOR,FR72,I551,2016,400495,A,F,NR,
occ_ni,FOR,FR8,I551,2016,10917909,A,F,NR,
occ_ni,FOR,FR81,I551,2016,1603026,A,F,NR,
occ_ni,FOR,FR82,I551,2016,8449974,A,F,NR,
occ_ni,FOR,FR83,I551,2016,864909,A,F,NR,
occ_ni,FOR,FRA,I551,2016,701893,A,F,NR,
occ_ni,FOR,FRA1,I551,2016,193463,U,N,NR,
occ_ni,FOR,FRA2,I551,2016,229109,U,N,NR,
occ_ni,FOR,FRA3,I551,2016,92043,U,N,NR,
occ_ni,FOR,FRA4,I551,2016,148009,A,F,NR,
occ_ni,FOR,FR,I552,2016,17730393,A,F,NR,
occ_ni,FOR,FR1,I552,2016,3599249,A,F,NR,
occ_ni,FOR,FR10,I552,2016,3599249,A,F,NR,
occ_ni,FOR,FR2,I552,2016,932700,A,F,NR,
occ_ni,FOR,FR24,I552,2016,160292,U,N,NR,
occ_ni,FOR,FR25,I552,2016,238099,U,N,NR,
occ_ni,FOR,FR4,I552,2016,1035493,A,F,NR,
occ_ni,FOR,FR41,I552,2016,676488,U,N,NR,
occ_ni,FOR,FR42,I552,2016,318091,U,N,NR,
occ_ni,FOR,FR43,I552,2016,40914,U,N,NR,
occ_ni,FOR,FR5,I552,2016,1116045,A,F,NR,
occ_ni,FOR,FR51,I552,2016,299519,A,F,NR,
occ_ni,FOR,FR52,I552,2016,448375,A,F,NR,
occ_ni,FOR,FR53,I552,2016,368151,U,N,NR,
occ_ni,FOR,FR6,I552,2016,1723029,A,F,NR,
occ_ni,FOR,FR61,I552,2016,1014882,A,F,NR,
occ_ni,FOR,FR62,I552,2016,693069,A,F,NR,
occ_ni,FOR,FR7,I552,2016,4593444,A,F,NR,
occ_ni,FOR,FR71,I552,2016,4543089,A,F,NR,
occ_ni,FOR,FR72,I552,2016,50355,U,N,NR,
occ_ni,FOR,FR8,I552,2016,4561323,A,F,NR,
occ_ni,FOR,FR81,I552,2016,758514,A,F,NR,
occ_ni,FOR,FR82,I552,2016,3058320,A,F,NR,
occ_ni,FOR,FR83,I552,2016,744489,A,F,NR,
occ_ni,FOR,FRA2,I552,2016,0,A,F,NR,
occ_ni,FOR,FRA3,I552,2016,0,A,F,NR,
occ_ni,FOR,FRA4,I552,2016,0,A,F,NR,
occ_ni,FOR,FRA5,I552,2016,0,A,F,NR,
occ_ni,FOR,FR,I553,2016,35937650,A,F,NR,
occ_ni,FOR,FR1,I553,2016,943930,U,N,NR,
occ_ni,FOR,FR10,I553,2016,943930,U,N,NR,
occ_ni,FOR,FR2,I553,2016,3667180,A,F,NR,
occ_ni,FOR,FR21,I553,2016,370671,A,F,NR,
occ_ni,FOR,FR22,I553,2016,587191,A,F,NR,
occ_ni,FOR,FR23,I553,2016,273892,A,F,NR,
occ_ni,FOR,FR24,I553,2016,791922,A,F,NR,
occ_ni,FOR,FR25,I553,2016,945440,A,F,NR,
occ_ni,FOR,FR26,I553,2016,698063,A,F,NR,
occ_ni,FOR,FR3,I553,2016,298123,A,F,NR,
occ_ni,FOR,FR30,I553,2016,298123,A,F,NR,
occ_ni,FOR,FR4,I553,2016,1748831,A,F,NR,
occ_ni,FOR,FR41,I553,2016,509052,A,F,NR,
occ_ni,FOR,FR42,I553,2016,533834,A,F,NR,
occ_ni,FOR,FR43,I553,2016,705945,A,F,NR,
occ_ni,FOR,FR5,I553,2016,5559192,A,F,NR,
occ_ni,FOR,FR51,I553,2016,1896212,A,F,NR,
occ_ni,FOR,FR52,I553,2016,2374649,A,F,NR,
occ_ni,FOR,FR53,I553,2016,1288331,A,F,NR,
occ_ni,FOR,FR6,I553,2016,6329086,A,F,NR,
occ_ni,FOR,FR61,I553,2016,4863601,A,F,NR,
occ_ni,FOR,FR62,I553,2016,1200309,A,F,NR,
occ_ni,FOR,FR63,I553,2016,265175,A,F,NR,
occ_ni,FOR,FR7,I553,2016,4183200,A,F,NR,
occ_ni,FOR,FR71,I553,2016,3752424,A,F,NR,
occ_ni,FOR,FR72,I553,2016,430776,A,F,NR,
occ_ni,FOR,FR8,I553,2016,13208109,A,F,NR,
occ_ni,FOR,FR81,I553,2016,5823312,A,F,NR,
occ_ni,FOR,FR82,I553,2016,5783907,A,F,NR,
occ_ni,FOR,FR83,I553,2016,1600890,A,F,NR,
occ_ni,FOR,FRA,I553,2016,0,A,F,NR,
occ_ni,FOR,FRA1,I553,2016,0,A,F,NR,
occ_ni,FOR,FRA2,I553,2016,0,A,F,NR,
occ_ni,FOR,FRA3,I553,2016,0,A,F,NR,
occ_ni,FOR,FRA4,I553,2016,0,A,F,NR,
occ_ni,FOR,FRA5,I553,2016,0,A,F,NR,
occ_arr,NAT,FR,I551,2016,80248346,A,F,NR,
occ_arr,NAT,FR1,I551,2016,16665484,A,F,NR,
occ_arr,NAT,FR10,I551,2016,16665484,A,F,NR,
occ_arr,NAT,FR2,I551,2016,12233481,A,F,NR,
occ_arr,NAT,FR21,I551,2016,1369895,A,F,NR,
occ_arr,NAT,FR22,I551,2016,1296309,A,F,NR,
occ_arr,NAT,FR23,I551,2016,1544423,A,F,NR,
occ_arr,NAT,FR24,I551,2016,3275329,A,F,NR,
occ_arr,NAT,FR25,I551,2016,2235758,A,F,NR,
occ_arr,NAT,FR26,I551,2016,2511767,A,F,NR,
occ_arr,NAT,FR3,I551,2016,2891138,A,F,NR,
occ_arr,NAT,FR30,I551,2016,2891138,A,F,NR,
occ_arr,NAT,FR4,I551,2016,5521821,A,F,NR,
occ_arr,NAT,FR41,I551,2016,1970229,A,F,NR,
occ_arr,NAT,FR42,I551,2016,2457967,A,F,NR,
occ_arr,NAT,FR43,I551,2016,1093625,A,F,NR,
occ_arr,NAT,FR5,I551,2016,10646052,A,F,NR,
occ_arr,NAT,FR51,I551,2016,4001771,A,F,NR,
occ_arr,NAT,FR52,I551,2016,3974141,A,F,NR,
occ_arr,NAT,FR53,I551,2016,2670141,A,F,NR,
occ_arr,NAT,FR6,I551,2016,8859590,A,F,NR,
occ_arr,NAT,FR61,I551,2016,4571793,A,F,NR,
occ_arr,NAT,FR62,I551,2016,3431910,A,F,NR,
occ_arr,NAT,FR63,I551,2016,855887,A,F,NR,
occ_arr,NAT,FR7,I551,2016,10437835,A,F,NR,
occ_arr,NAT,FR71,I551,2016,8445514,A,F,NR,
occ_arr,NAT,FR72,I551,2016,1992321,A,F,NR,
occ_arr,NAT,FR8,I551,2016,11876861,A,F,NR,
occ_arr,NAT,FR81,I551,2016,3567868,A,F,NR,
occ_arr,NAT,FR82,I551,2016,7265099,A,F,NR,
occ_arr,NAT,FR83,I551,2016,1043895,A,F,NR,
occ_arr,NAT,FRA,I551,2016,1116084,A,F,NR,
occ_arr,NAT,FRA1,I551,2016,229838,U,N,NR,
occ_arr,NAT,FRA2,I551,2016,239612,U,N,NR,
occ_arr,NAT,FRA3,I551,2016,131956,U,N,NR,
occ_arr,NAT,FRA4,I551,2016,498784,A,F,NR,
occ_arr,NAT,FR,I552,2016,17717495,A,F,NR,
occ_arr,NAT,FR1,I552,2016,1772563,A,F,NR,
occ_arr,NAT,FR10,I552,2016,1772563,A,F,NR,
occ_arr,NAT,FR2,I552,2016,1985352,A,F,NR,
occ_arr,NAT,FR24,I552,2016,535374,U,N,NR,
occ_arr,NAT,FR25,I552,2016,464459,U,N,NR,
occ_arr,NAT,FR4,I552,2016,959906,A,F,NR,
occ_arr,NAT,FR41,I552,2016,408250,U,N,NR,
occ_arr,NAT,FR42,I552,2016,399537,U,N,NR,
occ_arr,NAT,FR43,I552,2016,152119,U,N,NR,
occ_arr,NAT,FR5,I552,2016,2411173,A,F,NR,
occ_arr,NAT,FR51,I552,2016,905728,A,F,NR,
occ_arr,NAT,FR52,I552,2016,868205,A,F,NR,
occ_arr,NAT,FR53,I552,2016,637239,U,N,NR,
occ_arr,NAT,FR6,I552,2016,2482872,A,F,NR,
occ_arr,NAT,FR61,I552,2016,1523363,A,F,NR,
occ_arr,NAT,FR62,I552,2016,869327,A,F,NR,
occ_arr,NAT,FR7,I552,2016,3435679,A,F,NR,
occ_arr,NAT,FR71,I552,2016,3140757,A,F,NR,
occ_arr,NAT,FR72,I552,2016,294922,U,N,NR,
occ_arr,NAT,FR8,I552,2016,4393478,A,F,NR,
occ_arr,NAT,FR81,I552,2016,1349705,A,F,NR,
occ_arr,NAT,FR82,I552,2016,2635716,A,F,NR,
occ_arr,NAT,FR83,I552,2016,408056,A,F,NR,
occ_arr,NAT,FRA2,I552,2016,0,A,F,NR,
occ_arr,NAT,FRA3,I552,2016,0,A,F,NR,
occ_arr,NAT,FRA4,I552,2016,0,A,F,NR,
occ_arr,NAT,FRA5,I552,2016,0,A,F,NR,
occ_arr,NAT,FR,I553,2016,14338670,A,F,NR,
occ_arr,NAT,FR1,I553,2016,196515,U,N,NR,
occ_arr,NAT,FR10,I553,2016,196515,U,N,NR,
occ_arr,NAT,FR2,I553,2016,1312406,A,F,NR,
occ_arr,NAT,FR21,I553,2016,79851,A,F,NR,
occ_arr,NAT,FR22,I553,2016,178262,A,F,NR,
occ_arr,NAT,FR23,I553,2016,120448,A,F,NR,
occ_arr,NAT,FR24,I553,2016,335314,A,F,NR,
occ_arr,NAT,FR25,I553,2016,385161,A,F,NR,
occ_arr,NAT,FR26,I553,2016,213370,A,F,NR,
occ_arr,NAT,FR3,I553,2016,123010,A,F,NR,
occ_arr,NAT,FR30,I553,2016,123010,A,F,NR,
occ_arr,NAT,FR4,I553,2016,394588,A,F,NR,
occ_arr,NAT,FR41,I553,2016,105760,A,F,NR,
occ_arr,NAT,FR42,I553,2016,105695,A,F,NR,
occ_arr,NAT,FR43,I553,2016,183133,A,F,NR,
occ_arr,NAT,FR5,I553,2016,4058475,A,F,NR,
occ_arr,NAT,FR51,I553,2016,1602075,A,F,NR,
occ_arr,NAT,FR52,I553,2016,1482722,A,F,NR,
occ_arr,NAT,FR53,I553,2016,973678,A,F,NR,
occ_arr,NAT,FR6,I553,2016,2645139,A,F,NR,
occ_arr,NAT,FR61,I553,2016,1802345,A,F,NR,
occ_arr,NAT,FR62,I553,2016,678591,A,F,NR,
occ_arr,NAT,FR63,I553,2016,164203,A,F,NR,
occ_arr,NAT,FR7,I553,2016,1624886,A,F,NR,
occ_arr,NAT,FR71,I553,2016,1260961,A,F,NR,
occ_arr,NAT,FR72,I553,2016,363925,A,F,NR,
occ_arr,NAT,FR8,I553,2016,3983651,A,F,NR,
occ_arr,NAT,FR81,I553,2016,2085804,A,F,NR,
occ_arr,NAT,FR82,I553,2016,1433385,A,F,NR,
occ_arr,NAT,FR83,I553,2016,464461,A,F,NR,
occ_arr,NAT,FRA,I553,2016,0,A,F,NR,
occ_arr,NAT,FRA1,I553,2016,0,A,F,NR,
occ_arr,NAT,FRA2,I553,2016,0,A,F,NR,
occ_arr,NAT,FRA3,I553,2016,0,A,F,NR,
occ_arr,NAT,FRA4,I553,2016,0,A,F,NR,
occ_arr,NAT,FRA5,I553,2016,0,A,F,NR,
occ_arr,FOR,FR,I551,2016,33646450,A,F,NR,
occ_arr,FOR,FR1,I551,2016,14215595,A,F,NR,
occ_arr,FOR,FR10,I551,2016,14215595,A,F,NR,
occ_arr,FOR,FR2,I551,2016,4105415,A,F,NR,
occ_arr,FOR,FR21,I551,2016,652391,A,F,NR,
occ_arr,FOR,FR22,I551,2016,378238,A,F,NR,
occ_arr,FOR,FR23,I551,2016,380309,A,F,NR,
occ_arr,FOR,FR24,I551,2016,807308,A,F,NR,
occ_arr,FOR,FR25,I551,2016,661270,A,F,NR,
occ_arr,FOR,FR26,I551,2016,1225900,A,F,NR,
occ_arr,FOR,FR3,I551,2016,1124797,A,F,NR,
occ_arr,FOR,FR30,I551,2016,1124797,A,F,NR,
occ_arr,FOR,FR4,I551,2016,2399202,A,F,NR,
occ_arr,FOR,FR41,I551,2016,558030,A,F,NR,
occ_arr,FOR,FR42,I551,2016,1562439,A,F,NR,
occ_arr,FOR,FR43,I551,2016,278734,A,F,NR,
occ_arr,FOR,FR5,I551,2016,1359225,A,F,NR,
occ_arr,FOR,FR51,I551,2016,407964,A,F,NR,
occ_arr,FOR,FR52,I551,2016,583671,A,F,NR,
occ_arr,FOR,FR53,I551,2016,367590,A,F,NR,
occ_arr,FOR,FR6,I551,2016,2254331,A,F,NR,
occ_arr,FOR,FR61,I551,2016,1015951,A,F,NR,
occ_arr,FOR,FR62,I551,2016,1127394,A,F,NR,
occ_arr,FOR,FR63,I551,2016,110987,A,F,NR,
occ_arr,FOR,FR7,I551,2016,2929516,A,F,NR,
occ_arr,FOR,FR71,I551,2016,2663507,A,F,NR,
occ_arr,FOR,FR72,I551,2016,266008,A,F,NR,
occ_arr,FOR,FR8,I551,2016,5105207,A,F,NR,
occ_arr,FOR,FR81,I551,2016,911584,A,F,NR,
occ_arr,FOR,FR82,I551,2016,3843286,A,F,NR,
occ_arr,FOR,FR83,I551,2016,350336,A,F,NR,
occ_arr,FOR,FRA,I551,2016,153162,A,F,NR,
occ_arr,FOR,FRA1,I551,2016,48682,U,N,NR,
occ_arr,FOR,FRA2,I551,2016,31371,U,N,NR,
occ_arr,FOR,FRA3,I551,2016,14632,U,N,NR,
occ_arr,FOR,FRA4,I551,2016,57082,A,F,NR,
occ_arr,FOR,FR,I552,2016,4045608,A,F,NR,
occ_arr,FOR,FR1,I552,2016,875115,A,F,NR,
occ_arr,FOR,FR10,I552,2016,875115,A,F,NR,
occ_arr,FOR,FR2,I552,2016,326112,A,F,NR,
occ_arr,FOR,FR24,I552,2016,53025,U,N,NR,
occ_arr,FOR,FR25,I552,2016,80911,U,N,NR,
occ_arr,FOR,FR4,I552,2016,376792,A,F,NR,
occ_arr,FOR,FR41,I552,2016,232143,U,N,NR,
occ_arr,FOR,FR42,I552,2016,129733,U,N,NR,
occ_arr,FOR,FR43,I552,2016,14916,U,N,NR,
occ_arr,FOR,FR5,I552,2016,217373,A,F,NR,
occ_arr,FOR,FR51,I552,2016,58062,A,F,NR,
occ_arr,FOR,FR52,I552,2016,95885,A,F,NR,
occ_arr,FOR,FR53,I552,2016,63427,U,N,NR,
occ_arr,FOR,FR6,I552,2016,408194,A,F,NR,
occ_arr,FOR,FR61,I552,2016,265477,A,F,NR,
occ_arr,FOR,FR62,I552,2016,139727,A,F,NR,
occ_arr,FOR,FR7,I552,2016,871478,A,F,NR,
occ_arr,FOR,FR71,I552,2016,854575,A,F,NR,
occ_arr,FOR,FR72,I552,2016,16903,U,N,NR,
occ_arr,FOR,FR8,I552,2016,922156,A,F,NR,
occ_arr,FOR,FR81,I552,2016,156615,A,F,NR,
occ_arr,FOR,FR82,I552,2016,640954,A,F,NR,
occ_arr,FOR,FR83,I552,2016,124586,A,F,NR,
occ_arr,FOR,FRA2,I552,2016,0,A,F,NR,
occ_arr,FOR,FRA3,I552,2016,0,A,F,NR,
occ_arr,FOR,FRA4,I552,2016,0,A,F,NR,
occ_arr,FOR,FRA5,I552,2016,0,A,F,NR,
occ_arr,FOR,FR,I553,2016,7266910,A,F,NR,
occ_arr,FOR,FR1,I553,2016,325070,U,N,NR,
occ_arr,FOR,FR10,I553,2016,325070,U,N,NR,
occ_arr,FOR,FR2,I553,2016,1397166,A,F,NR,
occ_arr,FOR,FR21,I553,2016,190455,A,F,NR,
occ_arr,FOR,FR22,I553,2016,262879,A,F,NR,
occ_arr,FOR,FR23,I553,2016,119568,A,F,NR,
occ_arr,FOR,FR24,I553,2016,267761,A,F,NR,
occ_arr,FOR,FR25,I553,2016,248242,A,F,NR,
occ_arr,FOR,FR26,I553,2016,308259,A,F,NR,
occ_arr,FOR,FR3,I553,2016,124930,A,F,NR,
occ_arr,FOR,FR30,I553,2016,124930,A,F,NR,
occ_arr,FOR,FR4,I553,2016,533982,A,F,NR,
occ_arr,FOR,FR41,I553,2016,188172,A,F,NR,
occ_arr,FOR,FR42,I553,2016,176045,A,F,NR,
occ_arr,FOR,FR43,I553,2016,169765,A,F,NR,
occ_arr,FOR,FR5,I553,2016,967039,A,F,NR,
occ_arr,FOR,FR51,I553,2016,305145,A,F,NR,
occ_arr,FOR,FR52,I553,2016,438176,A,F,NR,
occ_arr,FOR,FR53,I553,2016,223718,A,F,NR,
occ_arr,FOR,FR6,I553,2016,1046516,A,F,NR,
occ_arr,FOR,FR61,I553,2016,752684,A,F,NR,
occ_arr,FOR,FR62,I553,2016,227312,A,F,NR,
occ_arr,FOR,FR63,I553,2016,66520,A,F,NR,
occ_arr,FOR,FR7,I553,2016,866158,A,F,NR,
occ_arr,FOR,FR71,I553,2016,726530,A,F,NR,
occ_arr,FOR,FR72,I553,2016,139628,A,F,NR,
occ_arr,FOR,FR8,I553,2016,2006048,A,F,NR,
occ_arr,FOR,FR81,I553,2016,781086,A,F,NR,
occ_arr,FOR,FR82,I553,2016,887655,A,F,NR,
occ_arr,FOR,FR83,I553,2016,337308,A,F,NR,
occ_arr,FOR,FRA,I553,2016,0,A,F,NR,
occ_arr,FOR,FRA1,I553,2016,0,A,F,NR,
occ_arr,FOR,FRA2,I553,2016,0,A,F,NR,
occ_arr,FOR,FRA3,I553,2016,0,A,F,NR,
occ_arr,FOR,FRA4,I553,2016,0,A,F,NR,
occ_arr,FOR,FRA5,I553,2016,0,A,F,NR,
occ_ni,NAT,FR,I551TOI553,2017,299558737,A,F,NR,
occ_ni,NAT,FR1,I551TOI553,2017,37113564,A,F,NR,
occ_ni,NAT,FR10,I551TOI553,2017,37113564,A,F,NR,
occ_ni,NAT,FRB,I551TOI553,2017,7531425,A,F,NR,
occ_ni,NAT,FRB0,I551TOI553,2017,7531425,A,F,NR,
occ_ni,NAT,FRC,I551TOI553,2017,7416417,A,F,NR,
occ_ni,NAT,FRC1,I551TOI553,2017,4506524,A,F,NR,
occ_ni,NAT,FRC2,I551TOI553,2017,2909894,A,F,NR,
occ_ni,NAT,FRD,I551TOI553,2017,10765877,A,F,NR,
occ_ni,NAT,FRD1,I551TOI553,2017,6724237,A,F,NR,
occ_ni,NAT,FRD2,I551TOI553,2017,4041640,A,F,NR,
occ_ni,NAT,FRE,I551TOI553,2017,9897305,A,F,NR,
occ_ni,NAT,FRE1,I551TOI553,2017,6062947,A,F,NR,
occ_ni,NAT,FRE2,I551TOI553,2017,3834358,A,F,NR,
occ_ni,NAT,FRF,I551TOI553,2017,13714582,A,F,NR,
occ_ni,NAT,FRF1,I551TOI553,2017,5904836,A,F,NR,
occ_ni,NAT,FRF2,I551TOI553,2017,2760273,A,F,NR,
occ_ni,NAT,FRF3,I551TOI553,2017,5049473,A,F,NR,
occ_ni,NAT,FRG,I551TOI553,2017,19708292,A,F,NR,
occ_ni,NAT,FRG0,I551TOI553,2017,19708292,A,F,NR,
occ_ni,NAT,FRH,I551TOI553,2017,19094432,A,F,NR,
occ_ni,NAT,FRH0,I551TOI553,2017,19094432,A,F,NR,
occ_ni,NAT,FRI,I551TOI553,2017,42667843,A,F,NR,
occ_ni,NAT,FRI1,I551TOI553,2017,26837450,A,F,NR,
occ_ni,NAT,FRI2,I551TOI553,2017,2166572,A,F,NR,
occ_ni,NAT,FRI3,I551TOI553,2017,13663820,A,F,NR,
occ_ni,NAT,FRJ,I551TOI553,2017,41140766,A,F,NR,
occ_ni,NAT,FRJ1,I551TOI553,2017,27682118,A,F,NR,
occ_ni,NAT,FRJ2,I551TOI553,2017,13458647,A,F,NR,
occ_ni,NAT,FRK,I551TOI553,2017,41992986,A,F,NR,
occ_ni,NAT,FRK1,I551TOI553,2017,5986046,A,F,NR,
occ_ni,NAT,FRK2,I551TOI553,2017,36006940,A,F,NR,
occ_ni,NAT,FRL,I551TOI553,2017,37124962,A,F,NR,
occ_ni,NAT,FRL0,I551TOI553,2017,37124962,A,F,NR,
occ_ni,NAT,FRM,I551TOI553,2017,7795454,A,F,NR,
occ_ni,NAT,FRM0,I551TOI553,2017,7795454,A,F,NR,
occ_ni,NAT,FRY,I551TOI553,2017,3594834,A,F,NR,
occ_ni,NAT,FRY1,I551TOI553,2017,973185,U,N,NR,
occ_ni,NAT,FRY2,I551TOI553,2017,1096459,U,N,NR,
occ_ni,NAT,FRY3,I551TOI553,2017,281907,U,N,NR,
occ_ni,NAT,FRY4,I551TOI553,2017,1168459,A,F,NR,
occ_ni,NAT,FR,I551,2017,137848670,A,F,NR,
occ_ni,NAT,FR1,I551,2017,29707358,A,F,NR,
occ_ni,NAT,FR10,I551,2017,29707358,A,F,NR,
occ_ni,NAT,FRB,I551,2017,4670754,A,F,NR,
occ_ni,NAT,FRB0,I551,2017,4670754,A,F,NR,
occ_ni,NAT,FRC,I551,2017,5206406,A,F,NR,
occ_ni,NAT,FRC1,I551,2017,3565097,A,F,NR,
occ_ni,NAT,FRC2,I551,2017,1641309,A,F,NR,
occ_ni,NAT,FRD,I551,2017,5989389,A,F,NR,
occ_ni,NAT,FRD1,I551,2017,3552859,A,F,NR,
occ_ni,NAT,FRD2,I551,2017,2436529,A,F,NR,
occ_ni,NAT,FRE,I551,2017,6723108,A,F,NR,
occ_ni,NAT,FRE1,I551,2017,4700499,A,F,NR,
occ_ni,NAT,FRE2,I551,2017,2022608,A,F,NR,
occ_ni,NAT,FRF,I551,2017,9534368,A,F,NR,
occ_ni,NAT,FRF1,I551,2017,4232365,A,F,NR,
occ_ni,NAT,FRF2,I551,2017,2113008,A,F,NR,
occ_ni,NAT,FRF3,I551,2017,3188995,A,F,NR,
occ_ni,NAT,FRG,I551,2017,6334508,A,F,NR,
occ_ni,NAT,FRG0,I551,2017,6334508,A,F,NR,
occ_ni,NAT,FRH,I551,2017,6732693,A,F,NR,
occ_ni,NAT,FRH0,I551,2017,6732693,A,F,NR,
occ_ni,NAT,FRI,I551,2017,13482789,A,F,NR,
occ_ni,NAT,FRI1,I551,2017,7889334,A,F,NR,
occ_ni,NAT,FRI2,I551,2017,1222763,A,F,NR,
occ_ni,NAT,FRI3,I551,2017,4370692,A,F,NR,
occ_ni,NAT,FRJ,I551,2017,11929466,A,F,NR,
occ_ni,NAT,FRJ1,I551,2017,6190228,A,F,NR,
occ_ni,NAT,FRJ2,I551,2017,5739238,A,F,NR,
occ_ni,NAT,FRK,I551,2017,17637571,A,F,NR,
occ_ni,NAT,FRK1,I551,2017,3181866,A,F,NR,
occ_ni,NAT,FRK2,I551,2017,14455705,A,F,NR,
occ_ni,NAT,FRL,I551,2017,13853546,A,F,NR,
occ_ni,NAT,FRL0,I551,2017,13853546,A,F,NR,
occ_ni,NAT,FRM,I551,2017,2451880,A,F,NR,
occ_ni,NAT,FRM0,I551,2017,2451880,A,F,NR,
occ_ni,NAT,FRY,I551,2017,3594834,A,F,NR,
occ_ni,NAT,FRY1,I551,2017,973185,U,N,NR,
occ_ni,NAT,FRY2,I551,2017,1096459,U,N,NR,
occ_ni,NAT,FRY3,I551,2017,281907,U,N,NR,
occ_ni,NAT,FRY4,I551,2017,1168459,A,F,NR,
occ_ni,NAT,FR,I552,2017,76508130,A,F,NR,
occ_ni,NAT,FR1,I552,2017,6858819,A,F,NR,
occ_ni,NAT,FR10,I552,2017,6858819,A,F,NR,
occ_ni,NAT,FRB,I552,2017,1731709,U,N,NR,
occ_ni,NAT,FRB0,I552,2017,1731709,U,N,NR,
occ_ni,NAT,FRC,I552,2017,804082,U,N,NR,
occ_ni,NAT,FRC2,I552,2017,469628,U,N,NR,
occ_ni,NAT,FRD,I552,2017,2533527,A,F,NR,
occ_ni,NAT,FRD1,I552,2017,1347750,U,N,NR,
occ_ni,NAT,FRE,I552,2017,1797457,U,N,NR,
occ_ni,NAT,FRE1,I552,2017,773942,U,N,NR,
occ_ni,NAT,FRF,I552,2017,2891891,A,F,NR,
occ_ni,NAT,FRF1,I552,2017,1183178,U,N,NR,
occ_ni,NAT,FRF3,I552,2017,1380192,U,N,NR,
occ_ni,NAT,FRG,I552,2017,3615909,A,F,NR,
occ_ni,NAT,FRG0,I552,2017,3615909,A,F,NR,
occ_ni,NAT,FRH,I552,2017,3498619,A,F,NR,
occ_ni,NAT,FRH0,I552,2017,3498619,A,F,NR,
occ_ni,NAT,FRI,I552,2017,9941524,A,F,NR,
occ_ni,NAT,FRI1,I552,2017,6580812,A,F,NR,
occ_ni,NAT,FRI3,I552,2017,2971142,U,N,NR,
occ_ni,NAT,FRJ,I552,2017,10430758,A,F,NR,
occ_ni,NAT,FRJ1,I552,2017,6230662,A,F,NR,
occ_ni,NAT,FRJ2,I552,2017,4200097,A,F,NR,
occ_ni,NAT,FRK,I552,2017,16535273,A,F,NR,
occ_ni,NAT,FRK1,I552,2017,1298428,U,N,NR,
occ_ni,NAT,FRK2,I552,2017,15236845,A,F,NR,
occ_ni,NAT,FRL,I552,2017,13172497,A,F,NR,
occ_ni,NAT,FRL0,I552,2017,13172497,A,F,NR,
occ_ni,NAT,FRM,I552,2017,2696067,A,F,NR,
occ_ni,NAT,FRM0,I552,2017,2696067,A,F,NR,
occ_ni,NAT,FRY,I552,2017,0,A,F,NR,
occ_ni,NAT,FRY1,I552,2017,0,A,F,NR,
occ_ni,NAT,FRY2,I552,2017,0,A,F,NR,
occ_ni,NAT,FRY3,I552,2017,0,A,F,NR,
occ_ni,NAT,FRY4,I552,2017,0,A,F,NR,
occ_ni,NAT,FRY5,I552,2017,0,A,F,NR,
occ_ni,NAT,FR,I553,2017,85201937,A,F,NR,
occ_ni,NAT,FR1,I553,2017,547386,U,N,NR,
occ_ni,NAT,FR10,I553,2017,547386,U,N,NR,
occ_ni,NAT,FRB,I553,2017,1128963,A,F,NR,
occ_ni,NAT,FRB0,I553,2017,1128963,A,F,NR,
occ_ni,NAT,FRC,I553,2017,1405930,A,F,NR,
occ_ni,NAT,FRC1,I553,2017,606973,A,F,NR,
occ_ni,NAT,FRC2,I553,2017,798956,A,F,NR,
occ_ni,NAT,FRD,I553,2017,2242962,A,F,NR,
occ_ni,NAT,FRD1,I553,2017,1823628,A,F,NR,
occ_ni,NAT,FRD2,I553,2017,419334,A,F,NR,
occ_ni,NAT,FRE,I553,2017,1376740,A,F,NR,
occ_ni,NAT,FRE1,I553,2017,588505,A,F,NR,
occ_ni,NAT,FRE2,I553,2017,788235,A,F,NR,
occ_ni,NAT,FRF,I553,2017,1288323,A,F,NR,
occ_ni,NAT,FRF1,I553,2017,489293,A,F,NR,
occ_ni,NAT,FRF2,I553,2017,318744,A,F,NR,
occ_ni,NAT,FRF3,I553,2017,480286,A,F,NR,
occ_ni,NAT,FRG,I553,2017,9757875,A,F,NR,
occ_ni,NAT,FRG0,I553,2017,9757875,A,F,NR,
occ_ni,NAT,FRH,I553,2017,8863120,A,F,NR,
occ_ni,NAT,FRH0,I553,2017,8863120,A,F,NR,
occ_ni,NAT,FRI,I553,2017,19243530,A,F,NR,
occ_ni,NAT,FRI1,I553,2017,12367304,A,F,NR,
occ_ni,NAT,FRI2,I553,2017,554239,A,F,NR,
occ_ni,NAT,FRI3,I553,2017,6321987,A,F,NR,
occ_ni,NAT,FRJ,I553,2017,18780541,A,F,NR,
occ_ni,NAT,FRJ1,I553,2017,15261228,A,F,NR,
occ_ni,NAT,FRJ2,I553,2017,3519313,A,F,NR,
occ_ni,NAT,FRK,I553,2017,7820142,A,F,NR,
occ_ni,NAT,FRK1,I553,2017,1505752,A,F,NR,
occ_ni,NAT,FRK2,I553,2017,6314390,A,F,NR,
occ_ni,NAT,FRL,I553,2017,10098919,A,F,NR,
occ_ni,NAT,FRL0,I553,2017,10098919,A,F,NR,
occ_ni,NAT,FRM,I553,2017,2647508,A,F,NR,
occ_ni,NAT,FRM0,I553,2017,2647508,A,F,NR,
occ_ni,NAT,FRY,I553,2017,0,A,F,NR,
occ_ni,NAT,FRY1,I553,2017,0,A,F,NR,
occ_ni,NAT,FRY2,I553,2017,0,A,F,NR,
occ_ni,NAT,FRY3,I553,2017,0,A,F,NR,
occ_ni,NAT,FRY4,I553,2017,0,A,F,NR,
occ_ni,NAT,FRY5,I553,2017,0,A,F,NR,
occ_ni,FOR,FR,I551TOI553,2017,133499991,A,F,NR,
occ_ni,FOR,FR1,I551TOI553,2017,43035060,A,F,NR,
occ_ni,FOR,FR10,I551TOI553,2017,43035060,A,F,NR,
occ_ni,FOR,FRB,I551TOI553,2017,2307454,A,F,NR,
occ_ni,FOR,FRB0,I551TOI553,2017,2307454,A,F,NR,
occ_ni,FOR,FRC,I551TOI553,2017,3782732,A,F,NR,
occ_ni,FOR,FRC1,I551TOI553,2017,2478938,A,F,NR,
occ_ni,FOR,FRC2,I551TOI553,2017,1303794,A,F,NR,
occ_ni,FOR,FRD,I551TOI553,2017,3661442,A,F,NR,
occ_ni,FOR,FRD1,I551TOI553,2017,2635065,A,F,NR,
occ_ni,FOR,FRD2,I551TOI553,2017,1026377,A,F,NR,
occ_ni,FOR,FRE,I551TOI553,2017,3855582,A,F,NR,
occ_ni,FOR,FRE1,I551TOI553,2017,2224649,A,F,NR,
occ_ni,FOR,FRE2,I551TOI553,2017,1630933,A,F,NR,
occ_ni,FOR,FRF,I551TOI553,2017,7554341,A,F,NR,
occ_ni,FOR,FRF1,I551TOI553,2017,3959487,A,F,NR,
occ_ni,FOR,FRF2,I551TOI553,2017,1421955,A,F,NR,
occ_ni,FOR,FRF3,I551TOI553,2017,2172898,A,F,NR,
occ_ni,FOR,FRG,I551TOI553,2017,3342617,A,F,NR,
occ_ni,FOR,FRG0,I551TOI553,2017,3342617,A,F,NR,
occ_ni,FOR,FRH,I551TOI553,2017,4121937,A,F,NR,
occ_ni,FOR,FRH0,I551TOI553,2017,4121937,A,F,NR,
occ_ni,FOR,FRI,I551TOI553,2017,10879833,A,F,NR,
occ_ni,FOR,FRI1,I551TOI553,2017,8290449,A,F,NR,
occ_ni,FOR,FRI2,I551TOI553,2017,456908,A,F,NR,
occ_ni,FOR,FRI3,I551TOI553,2017,2132476,A,F,NR,
occ_ni,FOR,FRJ,I551TOI553,2017,13412179,A,F,NR,
occ_ni,FOR,FRJ1,I551TOI553,2017,8812639,A,F,NR,
occ_ni,FOR,FRJ2,I551TOI553,2017,4599540,A,F,NR,
occ_ni,FOR,FRK,I551TOI553,2017,15675909,A,F,NR,
occ_ni,FOR,FRK1,I551TOI553,2017,966217,A,F,NR,
occ_ni,FOR,FRK2,I551TOI553,2017,14709691,A,F,NR,
occ_ni,FOR,FRL,I551TOI553,2017,17884992,A,F,NR,
occ_ni,FOR,FRL0,I551TOI553,2017,17884992,A,F,NR,
occ_ni,FOR,FRM,I551TOI553,2017,3240045,A,F,NR,
occ_ni,FOR,FRM0,I551TOI553,2017,3240045,A,F,NR,
occ_ni,FOR,FRY,I551TOI553,2017,745866,A,F,NR,
occ_ni,FOR,FRY1,I551TOI553,2017,263539,U,N,NR,
occ_ni,FOR,FRY2,I551TOI553,2017,199716,U,N,NR,
occ_ni,FOR,FRY3,I551TOI553,2017,89260,U,N,NR,
occ_ni,FOR,FRY4,I551TOI553,2017,184228,A,F,NR,
occ_ni,FOR,FR,I551,2017,76426143,A,F,NR,
occ_ni,FOR,FR1,I551,2017,38341005,A,F,NR,
occ_ni,FOR,FR10,I551,2017,38341005,A,F,NR,
occ_ni,FOR,FRB,I551,2017,1291417,A,F,NR,
occ_ni,FOR,FRB0,I551,2017,1291417,A,F,NR,
occ_ni,FOR,FRC,I551,2017,2056333,A,F,NR,
occ_ni,FOR,FRC1,I551,2017,1615877,A,F,NR,
occ_ni,FOR,FRC2,I551,2017,440457,A,F,NR,
occ_ni,FOR,FRD,I551,2017,1879237,A,F,NR,
occ_ni,FOR,FRD1,I551,2017,1236688,A,F,NR,
occ_ni,FOR,FRD2,I551,2017,642549,A,F,NR,
occ_ni,FOR,FRE,I551,2017,2309080,A,F,NR,
occ_ni,FOR,FRE1,I551,2017,1712571,A,F,NR,
occ_ni,FOR,FRE2,I551,2017,596508,A,F,NR,
occ_ni,FOR,FRF,I551,2017,4761836,A,F,NR,
occ_ni,FOR,FRF1,I551,2017,2936238,A,F,NR,
occ_ni,FOR,FRF2,I551,2017,903627,A,F,NR,
occ_ni,FOR,FRF3,I551,2017,921972,A,F,NR,
occ_ni,FOR,FRG,I551,2017,805691,A,F,NR,
occ_ni,FOR,FRG0,I551,2017,805691,A,F,NR,
occ_ni,FOR,FRH,I551,2017,1210088,A,F,NR,
occ_ni,FOR,FRH0,I551,2017,1210088,A,F,NR,
occ_ni,FOR,FRI,I551,2017,2754772,A,F,NR,
occ_ni,FOR,FRI1,I551,2017,1969698,A,F,NR,
occ_ni,FOR,FRI2,I551,2017,169506,A,F,NR,
occ_ni,FOR,FRI3,I551,2017,615568,A,F,NR,
occ_ni,FOR,FRJ,I551,2017,4360242,A,F,NR,
occ_ni,FOR,FRJ1,I551,2017,1670697,A,F,NR,
occ_ni,FOR,FRJ2,I551,2017,2689545,A,F,NR,
occ_ni,FOR,FRK,I551,2017,6107249,A,F,NR,
occ_ni,FOR,FRK1,I551,2017,442524,A,F,NR,
occ_ni,FOR,FRK2,I551,2017,5664724,A,F,NR,
occ_ni,FOR,FRL,I551,2017,8984581,A,F,NR,
occ_ni,FOR,FRL0,I551,2017,8984581,A,F,NR,
occ_ni,FOR,FRM,I551,2017,818747,A,F,NR,
occ_ni,FOR,FRM0,I551,2017,818747,A,F,NR,
occ_ni,FOR,FRY,I551,2017,745866,A,F,NR,
occ_ni,FOR,FRY1,I551,2017,263539,U,N,NR,
occ_ni,FOR,FRY2,I551,2017,199716,U,N,NR,
occ_ni,FOR,FRY3,I551,2017,89260,U,N,NR,
occ_ni,FOR,FRY4,I551,2017,184228,A,F,NR,
occ_ni,FOR,FR,I552,2017,18304878,A,F,NR,
occ_ni,FOR,FR1,I552,2017,3623423,A,F,NR,
occ_ni,FOR,FR10,I552,2017,3623423,A,F,NR,
occ_ni,FOR,FRB,I552,2017,153501,U,N,NR,
occ_ni,FOR,FRB0,I552,2017,153501,U,N,NR,
occ_ni,FOR,FRC,I552,2017,142344,U,N,NR,
occ_ni,FOR,FRC2,I552,2017,45576,U,N,NR,
occ_ni,FOR,FRD,I552,2017,391034,A,F,NR,
occ_ni,FOR,FRD1,I552,2017,306181,U,N,NR,
occ_ni,FOR,FRE,I552,2017,565184,U,N,NR,
occ_ni,FOR,FRE1,I552,2017,175306,U,N,NR,
occ_ni,FOR,FRF,I552,2017,1186462,A,F,NR,
occ_ni,FOR,FRF1,I552,2017,384066,U,N,NR,
occ_ni,FOR,FRF3,I552,2017,703528,U,N,NR,
occ_ni,FOR,FRG,I552,2017,432217,A,F,NR,
occ_ni,FOR,FRG0,I552,2017,432217,A,F,NR,
occ_ni,FOR,FRH,I552,2017,428347,A,F,NR,
occ_ni,FOR,FRH0,I552,2017,428347,A,F,NR,
occ_ni,FOR,FRI,I552,2017,1212049,A,F,NR,
occ_ni,FOR,FRI1,I552,2017,957266,A,F,NR,
occ_ni,FOR,FRI3,I552,2017,236724,U,N,NR,
occ_ni,FOR,FRJ,I552,2017,1561060,A,F,NR,
occ_ni,FOR,FRJ1,I552,2017,861280,A,F,NR,
occ_ni,FOR,FRJ2,I552,2017,699779,A,F,NR,
occ_ni,FOR,FRK,I552,2017,5084972,A,F,NR,
occ_ni,FOR,FRK1,I552,2017,89032,U,N,NR,
occ_ni,FOR,FRK2,I552,2017,4995940,A,F,NR,
occ_ni,FOR,FRL,I552,2017,2769379,A,F,NR,
occ_ni,FOR,FRL0,I552,2017,2769379,A,F,NR,
occ_ni,FOR,FRM,I552,2017,754906,A,F,NR,
occ_ni,FOR,FRM0,I552,2017,754906,A,F,NR,
occ_ni,FOR,FRY,I552,2017,0,A,F,NR,
occ_ni,FOR,FRY1,I552,2017,0,A,F,NR,
occ_ni,FOR,FRY2,I552,2017,0,A,F,NR,
occ_ni,FOR,FRY3,I552,2017,0,A,F,NR,
occ_ni,FOR,FRY4,I552,2017,0,A,F,NR,
occ_ni,FOR,FRY5,I552,2017,0,A,F,NR,
occ_ni,FOR,FR,I553,2017,38768970,A,F,NR,
occ_ni,FOR,FR1,I553,2017,1070633,U,N,NR,
occ_ni,FOR,FR10,I553,2017,1070633,U,N,NR,
occ_ni,FOR,FRB,I553,2017,862536,A,F,NR,
occ_ni,FOR,FRB0,I553,2017,862536,A,F,NR,
occ_ni,FOR,FRC,I553,2017,1584055,A,F,NR,
occ_ni,FOR,FRC1,I553,2017,766294,A,F,NR,
occ_ni,FOR,FRC2,I553,2017,817762,A,F,NR,
occ_ni,FOR,FRD,I553,2017,1391172,A,F,NR,
occ_ni,FOR,FRD1,I553,2017,1092196,A,F,NR,
occ_ni,FOR,FRD2,I553,2017,298976,A,F,NR,
occ_ni,FOR,FRE,I553,2017,981318,A,F,NR,
occ_ni,FOR,FRE1,I553,2017,336772,A,F,NR,
occ_ni,FOR,FRE2,I553,2017,644546,A,F,NR,
occ_ni,FOR,FRF,I553,2017,1606042,A,F,NR,
occ_ni,FOR,FRF1,I553,2017,639184,A,F,NR,
occ_ni,FOR,FRF2,I553,2017,419460,A,F,NR,
occ_ni,FOR,FRF3,I553,2017,547399,A,F,NR,
occ_ni,FOR,FRG,I553,2017,2104709,A,F,NR,
occ_ni,FOR,FRG0,I553,2017,2104709,A,F,NR,
occ_ni,FOR,FRH,I553,2017,2483503,A,F,NR,
occ_ni,FOR,FRH0,I553,2017,2483503,A,F,NR,
occ_ni,FOR,FRI,I553,2017,6913012,A,F,NR,
occ_ni,FOR,FRI1,I553,2017,5363485,A,F,NR,
occ_ni,FOR,FRI2,I553,2017,269343,A,F,NR,
occ_ni,FOR,FRI3,I553,2017,1280185,A,F,NR,
occ_ni,FOR,FRJ,I553,2017,7490878,A,F,NR,
occ_ni,FOR,FRJ1,I553,2017,6280662,A,F,NR,
occ_ni,FOR,FRJ2,I553,2017,1210216,A,F,NR,
occ_ni,FOR,FRK,I553,2017,4483688,A,F,NR,
occ_ni,FOR,FRK1,I553,2017,434661,A,F,NR,
occ_ni,FOR,FRK2,I553,2017,4049027,A,F,NR,
occ_ni,FOR,FRL,I553,2017,6131032,A,F,NR,
occ_ni,FOR,FRL0,I553,2017,6131032,A,F,NR,
occ_ni,FOR,FRM,I553,2017,1666391,A,F,NR,
occ_ni,FOR,FRM0,I553,2017,1666391,A,F,NR,
occ_ni,FOR,FRY,I553,2017,0,A,F,NR,
occ_ni,FOR,FRY1,I553,2017,0,A,F,NR,
occ_ni,FOR,FRY2,I553,2017,0,A,F,NR,
occ_ni,FOR,FRY3,I553,2017,0,A,F,NR,
occ_ni,FOR,FRY4,I553,2017,0,A,F,NR,
occ_ni,FOR,FRY5,I553,2017,0,A,F,NR,
occ_arr,NAT,FR,I551,2017,82799553,A,F,NR,
occ_arr,NAT,FR1,I551,2017,17652012,A,F,NR,
occ_arr,NAT,FR10,I551,2017,17652012,A,F,NR,
occ_arr,NAT,FRB,I551,2017,3301998,A,F,NR,
occ_arr,NAT,FRB0,I551,2017,3301998,A,F,NR,
occ_arr,NAT,FRC,I551,2017,3674738,A,F,NR,
occ_arr,NAT,FRC1,I551,2017,2544222,A,F,NR,
occ_arr,NAT,FRC2,I551,2017,1130517,A,F,NR,
occ_arr,NAT,FRD,I551,2017,3893570,A,F,NR,
occ_arr,NAT,FRD1,I551,2017,2291105,A,F,NR,
occ_arr,NAT,FRD2,I551,2017,1602465,A,F,NR,
occ_arr,NAT,FRE,I551,2017,4303664,A,F,NR,
occ_arr,NAT,FRE1,I551,2017,2956288,A,F,NR,
occ_arr,NAT,FRE2,I551,2017,1347375,A,F,NR,
occ_arr,NAT,FRF,I551,2017,6007262,A,F,NR,
occ_arr,NAT,FRF1,I551,2017,2553564,A,F,NR,
occ_arr,NAT,FRF2,I551,2017,1382090,A,F,NR,
occ_arr,NAT,FRF3,I551,2017,2071609,A,F,NR,
occ_arr,NAT,FRG,I551,2017,4076485,A,F,NR,
occ_arr,NAT,FRG0,I551,2017,4076485,A,F,NR,
occ_arr,NAT,FRH,I551,2017,4015885,A,F,NR,
occ_arr,NAT,FRH0,I551,2017,4015885,A,F,NR,
occ_arr,NAT,FRI,I551,2017,8338129,A,F,NR,
occ_arr,NAT,FRI1,I551,2017,4683605,A,F,NR,
occ_arr,NAT,FRI2,I551,2017,876657,A,F,NR,
occ_arr,NAT,FRI3,I551,2017,2777867,A,F,NR,
occ_arr,NAT,FRJ,I551,2017,6966576,A,F,NR,
occ_arr,NAT,FRJ1,I551,2017,3604191,A,F,NR,
occ_arr,NAT,FRJ2,I551,2017,3362384,A,F,NR,
occ_arr,NAT,FRK,I551,2017,10641756,A,F,NR,
occ_arr,NAT,FRK1,I551,2017,2056540,A,F,NR,
occ_arr,NAT,FRK2,I551,2017,8585217,A,F,NR,
occ_arr,NAT,FRL,I551,2017,7519145,A,F,NR,
occ_arr,NAT,FRL0,I551,2017,7519145,A,F,NR,
occ_arr,NAT,FRM,I551,2017,1135867,A,F,NR,
occ_arr,NAT,FRM0,I551,2017,1135867,A,F,NR,
occ_arr,NAT,FRY,I551,2017,1272465,A,F,NR,
occ_arr,NAT,FRY1,I551,2017,273955,U,N,NR,
occ_arr,NAT,FRY2,I551,2017,286181,U,N,NR,
occ_arr,NAT,FRY3,I551,2017,118973,U,N,NR,
occ_arr,NAT,FRY4,I551,2017,563638,A,F,NR,
occ_arr,NAT,FR,I552,2017,18896825,A,F,NR,
occ_arr,NAT,FR1,I552,2017,2172141,A,F,NR,
occ_arr,NAT,FR10,I552,2017,2172141,A,F,NR,
occ_arr,NAT,FRB,I552,2017,548256,U,N,NR,
occ_arr,NAT,FRB0,I552,2017,548256,U,N,NR,
occ_arr,NAT,FRC,I552,2017,269301,U,N,NR,
occ_arr,NAT,FRC2,I552,2017,129646,U,N,NR,
occ_arr,NAT,FRD,I552,2017,846494,A,F,NR,
occ_arr,NAT,FRD1,I552,2017,499544,U,N,NR,
occ_arr,NAT,FRE,I552,2017,621686,U,N,NR,
occ_arr,NAT,FRE1,I552,2017,276745,U,N,NR,
occ_arr,NAT,FRF,I552,2017,1012567,A,F,NR,
occ_arr,NAT,FRF1,I552,2017,439391,U,N,NR,
occ_arr,NAT,FRF3,I552,2017,438873,U,N,NR,
occ_arr,NAT,FRG,I552,2017,980404,A,F,NR,
occ_arr,NAT,FRG0,I552,2017,980404,A,F,NR,
occ_arr,NAT,FRH,I552,2017,813270,A,F,NR,
occ_arr,NAT,FRH0,I552,2017,813270,A,F,NR,
occ_arr,NAT,FRI,I552,2017,2469232,A,F,NR,
occ_arr,NAT,FRI1,I552,2017,1718159,A,F,NR,
occ_arr,NAT,FRI3,I552,2017,647946,U,N,NR,
occ_arr,NAT,FRJ,I552,2017,2324968,A,F,NR,
occ_arr,NAT,FRJ1,I552,2017,1352263,A,F,NR,
occ_arr,NAT,FRJ2,I552,2017,972705,A,F,NR,
occ_arr,NAT,FRK,I552,2017,3502195,A,F,NR,
occ_arr,NAT,FRK1,I552,2017,303346,U,N,NR,
occ_arr,NAT,FRK2,I552,2017,3198849,A,F,NR,
occ_arr,NAT,FRL,I552,2017,2814553,A,F,NR,
occ_arr,NAT,FRL0,I552,2017,2814553,A,F,NR,
occ_arr,NAT,FRM,I552,2017,521758,A,F,NR,
occ_arr,NAT,FRM0,I552,2017,521758,A,F,NR,
occ_arr,NAT,FRY,I552,2017,0,A,F,NR,
occ_arr,NAT,FRY1,I552,2017,0,A,F,NR,
occ_arr,NAT,FRY2,I552,2017,0,A,F,NR,
occ_arr,NAT,FRY3,I552,2017,0,A,F,NR,
occ_arr,NAT,FRY4,I552,2017,0,A,F,NR,
occ_arr,NAT,FRY5,I552,2017,0,A,F,NR,
occ_arr,NAT,FR,I553,2017,16214882,A,F,NR,
occ_arr,NAT,FR1,I553,2017,242438,U,N,NR,
occ_arr,NAT,FR10,I553,2017,242438,U,N,NR,
occ_arr,NAT,FRB,I553,2017,379363,A,F,NR,
occ_arr,NAT,FRB0,I553,2017,379363,A,F,NR,
occ_arr,NAT,FRC,I553,2017,445847,A,F,NR,
occ_arr,NAT,FRC1,I553,2017,233408,A,F,NR,
occ_arr,NAT,FRC2,I553,2017,212438,A,F,NR,
occ_arr,NAT,FRD,I553,2017,605465,A,F,NR,
occ_arr,NAT,FRD1,I553,2017,473116,A,F,NR,
occ_arr,NAT,FRD2,I553,2017,132349,A,F,NR,
occ_arr,NAT,FRE,I553,2017,376666,A,F,NR,
occ_arr,NAT,FRE1,I553,2017,160249,A,F,NR,
occ_arr,NAT,FRE2,I553,2017,216417,A,F,NR,
occ_arr,NAT,FRF,I553,2017,353751,A,F,NR,
occ_arr,NAT,FRF1,I553,2017,124908,A,F,NR,
occ_arr,NAT,FRF2,I553,2017,98169,A,F,NR,
occ_arr,NAT,FRF3,I553,2017,130674,A,F,NR,
occ_arr,NAT,FRG,I553,2017,1794656,A,F,NR,
occ_arr,NAT,FRG0,I553,2017,1794656,A,F,NR,
occ_arr,NAT,FRH,I553,2017,1789161,A,F,NR,
occ_arr,NAT,FRH0,I553,2017,1789161,A,F,NR,
occ_arr,NAT,FRI,I553,2017,3262893,A,F,NR,
occ_arr,NAT,FRI1,I553,2017,2017236,A,F,NR,
occ_arr,NAT,FRI2,I553,2017,159832,A,F,NR,
occ_arr,NAT,FRI3,I553,2017,1085825,A,F,NR,
occ_arr,NAT,FRJ,I553,2017,3053244,A,F,NR,
occ_arr,NAT,FRJ1,I553,2017,2326659,A,F,NR,
occ_arr,NAT,FRJ2,I553,2017,726585,A,F,NR,
occ_arr,NAT,FRK,I553,2017,1796165,A,F,NR,
occ_arr,NAT,FRK1,I553,2017,382332,A,F,NR,
occ_arr,NAT,FRK2,I553,2017,1413834,A,F,NR,
occ_arr,NAT,FRL,I553,2017,1660003,A,F,NR,
occ_arr,NAT,FRL0,I553,2017,1660003,A,F,NR,
occ_arr,NAT,FRM,I553,2017,455230,A,F,NR,
occ_arr,NAT,FRM0,I553,2017,455230,A,F,NR,
occ_arr,NAT,FRY,I553,2017,0,A,F,NR,
occ_arr,NAT,FRY1,I553,2017,0,A,F,NR,
occ_arr,NAT,FRY2,I553,2017,0,A,F,NR,
occ_arr,NAT,FRY3,I553,2017,0,A,F,NR,
occ_arr,NAT,FRY4,I553,2017,0,A,F,NR,
occ_arr,NAT,FRY5,I553,2017,0,A,F,NR,
occ_arr,FOR,FR,I551,2017,36558851,A,F,NR,
occ_arr,FOR,FR1,I551,2017,16160801,A,F,NR,
occ_arr,FOR,FR10,I551,2017,16160801,A,F,NR,
occ_arr,FOR,FRB,I551,2017,897625,A,F,NR,
occ_arr,FOR,FRB0,I551,2017,897625,A,F,NR,
occ_arr,FOR,FRC,I551,2017,1580053,A,F,NR,
occ_arr,FOR,FRC1,I551,2017,1267646,A,F,NR,
occ_arr,FOR,FRC2,I551,2017,312407,A,F,NR,
occ_arr,FOR,FRD,I551,2017,1099694,A,F,NR,
occ_arr,FOR,FRD1,I551,2017,689304,A,F,NR,
occ_arr,FOR,FRD2,I551,2017,410389,A,F,NR,
occ_arr,FOR,FRE,I551,2017,1466147,A,F,NR,
occ_arr,FOR,FRE1,I551,2017,1072757,A,F,NR,
occ_arr,FOR,FRE2,I551,2017,393389,A,F,NR,
occ_arr,FOR,FRF,I551,2017,2985298,A,F,NR,
occ_arr,FOR,FRF1,I551,2017,1682981,A,F,NR,
occ_arr,FOR,FRF2,I551,2017,663873,A,F,NR,
occ_arr,FOR,FRF3,I551,2017,638445,A,F,NR,
occ_arr,FOR,FRG,I551,2017,439801,A,F,NR,
occ_arr,FOR,FRG0,I551,2017,439801,A,F,NR,
occ_arr,FOR,FRH,I551,2017,629444,A,F,NR,
occ_arr,FOR,FRH0,I551,2017,629444,A,F,NR,
occ_arr,FOR,FRI,I551,2017,1591877,A,F,NR,
occ_arr,FOR,FRI1,I551,2017,1095089,A,F,NR,
occ_arr,FOR,FRI2,I551,2017,122542,A,F,NR,
occ_arr,FOR,FRI3,I551,2017,374246,A,F,NR,
occ_arr,FOR,FRJ,I551,2017,2169666,A,F,NR,
occ_arr,FOR,FRJ1,I551,2017,942578,A,F,NR,
occ_arr,FOR,FRJ2,I551,2017,1227088,A,F,NR,
occ_arr,FOR,FRK,I551,2017,3013701,A,F,NR,
occ_arr,FOR,FRK1,I551,2017,292900,A,F,NR,
occ_arr,FOR,FRK2,I551,2017,2720801,A,F,NR,
occ_arr,FOR,FRL,I551,2017,3991247,A,F,NR,
occ_arr,FOR,FRL0,I551,2017,3991247,A,F,NR,
occ_arr,FOR,FRM,I551,2017,341979,A,F,NR,
occ_arr,FOR,FRM0,I551,2017,341979,A,F,NR,
occ_arr,FOR,FRY,I551,2017,191519,A,F,NR,
occ_arr,FOR,FRY1,I551,2017,65333,U,N,NR,
occ_arr,FOR,FRY2,I551,2017,33620,U,N,NR,
occ_arr,FOR,FRY3,I551,2017,20233,U,N,NR,
occ_arr,FOR,FRY4,I551,2017,70579,A,F,NR,
occ_arr,FOR,FR,I552,2017,4395431,A,F,NR,
occ_arr,FOR,FR1,I552,2017,908563,A,F,NR,
occ_arr,FOR,FR10,I552,2017,908563,A,F,NR,
occ_arr,FOR,FRB,I552,2017,49299,U,N,NR,
occ_arr,FOR,FRB0,I552,2017,49299,U,N,NR,
occ_arr,FOR,FRC,I552,2017,75534,U,N,NR,
occ_arr,FOR,FRC2,I552,2017,15119,U,N,NR,
occ_arr,FOR,FRD,I552,2017,140097,A,F,NR,
occ_arr,FOR,FRD1,I552,2017,116134,U,N,NR,
occ_arr,FOR,FRE,I552,2017,207430,U,N,NR,
occ_arr,FOR,FRE1,I552,2017,75873,U,N,NR,
occ_arr,FOR,FRF,I552,2017,523367,A,F,NR,
occ_arr,FOR,FRF1,I552,2017,186449,U,N,NR,
occ_arr,FOR,FRF3,I552,2017,284968,U,N,NR,
occ_arr,FOR,FRG,I552,2017,72245,A,F,NR,
occ_arr,FOR,FRG0,I552,2017,72245,A,F,NR,
occ_arr,FOR,FRH,I552,2017,88951,A,F,NR,
occ_arr,FOR,FRH0,I552,2017,88951,A,F,NR,
occ_arr,FOR,FRI,I552,2017,338873,A,F,NR,
occ_arr,FOR,FRI1,I552,2017,292795,A,F,NR,
occ_arr,FOR,FRI3,I552,2017,42365,U,N,NR,
occ_arr,FOR,FRJ,I552,2017,300530,A,F,NR,
occ_arr,FOR,FRJ1,I552,2017,165096,A,F,NR,
occ_arr,FOR,FRJ2,I552,2017,135434,A,F,NR,
occ_arr,FOR,FRK,I552,2017,985168,A,F,NR,
occ_arr,FOR,FRK1,I552,2017,29068,U,N,NR,
occ_arr,FOR,FRK2,I552,2017,956100,A,F,NR,
occ_arr,FOR,FRL,I552,2017,561811,A,F,NR,
occ_arr,FOR,FRL0,I552,2017,561811,A,F,NR,
occ_arr,FOR,FRM,I552,2017,143563,A,F,NR,
occ_arr,FOR,FRM0,I552,2017,143563,A,F,NR,
occ_arr,FOR,FRY,I552,2017,0,A,F,NR,
occ_arr,FOR,FRY1,I552,2017,0,A,F,NR,
occ_arr,FOR,FRY2,I552,2017,0,A,F,NR,
occ_arr,FOR,FRY3,I552,2017,0,A,F,NR,
occ_arr,FOR,FRY4,I552,2017,0,A,F,NR,
occ_arr,FOR,FRY5,I552,2017,0,A,F,NR,
occ_arr,FOR,FR,I553,2017,7965092,A,F,NR,
occ_arr,FOR,FR1,I553,2017,342794,U,N,NR,
occ_arr,FOR,FR10,I553,2017,342794,U,N,NR,
occ_arr,FOR,FRB,I553,2017,284313,A,F,NR,
occ_arr,FOR,FRB0,I553,2017,284313,A,F,NR,
occ_arr,FOR,FRC,I553,2017,535845,A,F,NR,
occ_arr,FOR,FRC1,I553,2017,331752,A,F,NR,
occ_arr,FOR,FRC2,I553,2017,204093,A,F,NR,
occ_arr,FOR,FRD,I553,2017,423964,A,F,NR,
occ_arr,FOR,FRD1,I553,2017,290206,A,F,NR,
occ_arr,FOR,FRD2,I553,2017,133757,A,F,NR,
occ_arr,FOR,FRE,I553,2017,438373,A,F,NR,
occ_arr,FOR,FRE1,I553,2017,145716,A,F,NR,
occ_arr,FOR,FRE2,I553,2017,292657,A,F,NR,
occ_arr,FOR,FRF,I553,2017,640710,A,F,NR,
occ_arr,FOR,FRF1,I553,2017,216169,A,F,NR,
occ_arr,FOR,FRF2,I553,2017,211494,A,F,NR,
occ_arr,FOR,FRF3,I553,2017,213047,A,F,NR,
occ_arr,FOR,FRG,I553,2017,335158,A,F,NR,
occ_arr,FOR,FRG0,I553,2017,335158,A,F,NR,
occ_arr,FOR,FRH,I553,2017,473756,A,F,NR,
occ_arr,FOR,FRH0,I553,2017,473756,A,F,NR,
occ_arr,FOR,FRI,I553,2017,1131076,A,F,NR,
occ_arr,FOR,FRI1,I553,2017,828221,A,F,NR,
occ_arr,FOR,FRI2,I553,2017,71510,A,F,NR,
occ_arr,FOR,FRI3,I553,2017,231345,A,F,NR,
occ_arr,FOR,FRJ,I553,2017,1099020,A,F,NR,
occ_arr,FOR,FRJ1,I553,2017,852033,A,F,NR,
occ_arr,FOR,FRJ2,I553,2017,246987,A,F,NR,
occ_arr,FOR,FRK,I553,2017,934441,A,F,NR,
occ_arr,FOR,FRK1,I553,2017,139137,A,F,NR,
occ_arr,FOR,FRK2,I553,2017,795304,A,F,NR,
occ_arr,FOR,FRL,I553,2017,986718,A,F,NR,
occ_arr,FOR,FRL0,I553,2017,986718,A,F,NR,
occ_arr,FOR,FRM,I553,2017,338924,A,F,NR,
occ_arr,FOR,FRM0,I553,2017,338924,A,F,NR,
occ_arr,FOR,FRY,I553,2017,0,A,F,NR,
occ_arr,FOR,FRY1,I553,2017,0,A,F,NR,
occ_arr,FOR,FRY2,I553,2017,0,A,F,NR,
occ_arr,FOR,FRY3,I553,2017,0,A,F,NR,
occ_arr,FOR,FRY4,I553,2017,0,A,F,NR,
occ_arr,FOR,FRY5,I553,2017,0,A,F,NR,
