MEASURE,C_RESID,NUTS,NACE_R2,TIME_PERIOD,PARTNER,OBS_VALUE,OBS_STATUS,CONF_STATUS,UNIT,UNIT_MULT
occ_arr,FOR,FR,I551,2015,EUR,23732564,A,F,NR,
occ_arr,FOR,FR,I551,2015,EU28,20747248,A,F,NR,
occ_arr,FOR,FR,I551,2015,BE,2938798,A,F,NR,
occ_arr,FOR,FR,I551,2015,BG,50578,A,F,NR,
occ_arr,FOR,FR,I551,2015,CZ,143049,A,F,NR,
occ_arr,FOR,FR,I551,2015,DK,229387,A,F,NR,
occ_arr,FOR,FR,I551,2015,DE,3232258,A,F,NR,
occ_arr,FOR,FR,I551,2015,EE,20564,A,F,NR,
occ_arr,FOR,FR,I551,2015,IE,236479,A,F,NR,
occ_arr,FOR,FR,I551,2015,EL,94678,A,F,NR,
occ_arr,FOR,FR,I551,2015,ES,2185234,A,F,NR,
occ_arr,FOR,FR,I551,2015,HR,25141,A,F,NR,
occ_arr,FOR,FR,I551,2015,IT,2339570,A,F,NR,
occ_arr,FOR,FR,I551,2015,CY,11894,A,F,NR,
occ_arr,FOR,FR,I551,2015,LV,16994,A,F,NR,
occ_arr,FOR,FR,I551,2015,LT,35752,A,F,NR,
occ_arr,FOR,FR,I551,2015,LU,185615,A,F,NR,
occ_arr,FOR,FR,I551,2015,HU,76595,A,F,NR,
occ_arr,FOR,FR,I551,2015,MT,20385,A,F,NR,
occ_arr,FOR,FR,I551,2015,NL,1724461,A,F,NR,
occ_arr,FOR,FR,I551,2015,AT,207460,A,F,NR,
occ_arr,FOR,FR,I551,2015,PL,324702,A,F,NR,
occ_arr,FOR,FR,I551,2015,PT,335430,A,F,NR,
occ_arr,FOR,FR,I551,2015,RO,185721,A,F,NR,
occ_arr,FOR,FR,I551,2015,SI,25042,A,F,NR,
occ_arr,FOR,FR,I551,2015,SK,47364,A,F,NR,
occ_arr,FOR,FR,I551,2015,FI,119541,A,F,NR,
occ_arr,FOR,FR,I551,2015,SE,298541,A,F,NR,
occ_arr,FOR,FR,I551,2015,UK,5636015,A,F,NR,
occ_arr,FOR,FR,I551,2015,EFTA,1810994,A,F,NR,
occ_arr,FOR,FR,I551,2015,IS,19396,A,F,NR,
occ_arr,FOR,FR,I551,2015,CH_LI,1608925,A,F,NR,
occ_arr,FOR,FR,I551,2015,NO,182674,A,F,NR,
occ_arr,FOR,FR,I551,2015,TR,192640,A,F,NR,
occ_arr,FOR,FR,I551,2015,RU,540096,A,F,NR,
occ_arr,FOR,FR,I551,2015,UA,0,A,F,NR,
occ_arr,FOR,FR,I551,2015,EUR_OTH,441585,A,F,NR,
occ_arr,FOR,FR,I551,2015,AFR,675086,A,F,NR,
occ_arr,FOR,FR,I551,2015,ZA,36313,A,F,NR,
occ_arr,FOR,FR,I551,2015,AFR_OTH,638773,A,F,NR,
occ_arr,FOR,FR,I551,2015,AME,5041284,A,F,NR,
occ_arr,FOR,FR,I551,2015,AME_N,3994461,A,F,NR,
occ_arr,FOR,FR,I551,2015,CA,481175,A,F,NR,
occ_arr,FOR,FR,I551,2015,US,3513286,A,F,NR,
occ_arr,FOR,FR,I551,2015,AME_N_OTH,0,A,F,NR,
occ_arr,FOR,FR,I551,2015,AME_C_S,1046823,A,F,NR,
occ_arr,FOR,FR,I551,2015,BR,259222,A,F,NR,
occ_arr,FOR,FR,I551,2015,AME_C_S_OTH,787601,A,F,NR,
occ_arr,FOR,FR,I551,2015,ASI,5176105,A,F,NR,
occ_arr,FOR,FR,I551,2015,CN,1936951,A,F,NR,
occ_arr,FOR,FR,I551,2015,JP,847603,A,F,NR,
occ_arr,FOR,FR,I551,2015,KR,175927,A,F,NR,
occ_arr,FOR,FR,I551,2015,ASI_OTH,2215624,A,F,NR,
occ_arr,FOR,FR,I551,2015,OCE,461910,A,F,NR,
occ_arr,FOR,FR,I551,2015,AU,461910,A,F,NR,
occ_arr,FOR,FR,I551,2015,OCE_OTH,0,A,F,NR,
occ_arr,FOR,FR,I551,2015,WRL_NAL,6670,A,F,NR,
occ_arr,FOR,FR,I551,2015,WORLD,35093619,A,F,NR,
occ_arr,FOR,FR,I552,2015,EUR,3416810,A,F,NR,
occ_arr,FOR,FR,I552,2015,EU28,2946923,A,F,NR,
occ_arr,FOR,FR,I552,2015,BE,618476,A,F,NR,
occ_arr,FOR,FR,I552,2015,BG,7075,A,F,NR,
occ_arr,FOR,FR,I552,2015,CZ,21307,A,F,NR,
occ_arr,FOR,FR,I552,2015,DK,48678,A,F,NR,
occ_arr,FOR,FR,I552,2015,DE,517987,A,F,NR,
occ_arr,FOR,FR,I552,2015,EE,1781,A,F,NR,
occ_arr,FOR,FR,I552,2015,IE,25655,A,F,NR,
occ_arr,FOR,FR,I552,2015,EL,5523,A,F,NR,
occ_arr,FOR,FR,I552,2015,ES,267141,A,F,NR,
occ_arr,FOR,FR,I552,2015,HR,4184,A,F,NR,
occ_arr,FOR,FR,I552,2015,IT,272939,A,F,NR,
occ_arr,FOR,FR,I552,2015,CY,663,A,F,NR,
occ_arr,FOR,FR,I552,2015,LV,2404,A,F,NR,
occ_arr,FOR,FR,I552,2015,LT,3828,A,F,NR,
occ_arr,FOR,FR,I552,2015,LU,26629,A,F,NR,
occ_arr,FOR,FR,I552,2015,HU,17124,A,F,NR,
occ_arr,FOR,FR,I552,2015,MT,535,A,F,NR,
occ_arr,FOR,FR,I552,2015,NL,290228,A,F,NR,
occ_arr,FOR,FR,I552,2015,AT,18115,A,F,NR,
occ_arr,FOR,FR,I552,2015,PL,35319,A,F,NR,
occ_arr,FOR,FR,I552,2015,PT,39446,A,F,NR,
occ_arr,FOR,FR,I552,2015,RO,24767,A,F,NR,
occ_arr,FOR,FR,I552,2015,SI,4916,A,F,NR,
occ_arr,FOR,FR,I552,2015,SK,8427,A,F,NR,
occ_arr,FOR,FR,I552,2015,FI,9331,A,F,NR,
occ_arr,FOR,FR,I552,2015,SE,39863,A,F,NR,
occ_arr,FOR,FR,I552,2015,UK,634582,A,F,NR,
occ_arr,FOR,FR,I552,2015,EFTA,290469,A,F,NR,
occ_arr,FOR,FR,I552,2015,IS,2635,A,F,NR,
occ_arr,FOR,FR,I552,2015,CH_LI,266011,A,F,NR,
occ_arr,FOR,FR,I552,2015,NO,21823,A,F,NR,
occ_arr,FOR,FR,I552,2015,TR,11082,A,F,NR,
occ_arr,FOR,FR,I552,2015,RU,81756,A,F,NR,
occ_arr,FOR,FR,I552,2015,UA,0,A,F,NR,
occ_arr,FOR,FR,I552,2015,EUR_OTH,86580,A,F,NR,
occ_arr,FOR,FR,I552,2015,AFR,97964,A,F,NR,
occ_arr,FOR,FR,I552,2015,ZA,0,A,F,NR,
occ_arr,FOR,FR,I552,2015,AFR_OTH,97964,A,F,NR,
occ_arr,FOR,FR,I552,2015,AME,276043,A,F,NR,
occ_arr,FOR,FR,I552,2015,AME_N,203777,A,F,NR,
occ_arr,FOR,FR,I552,2015,CA,31505,A,F,NR,
occ_arr,FOR,FR,I552,2015,US,172272,A,F,NR,
occ_arr,FOR,FR,I552,2015,AME_N_OTH,0,A,F,NR,
occ_arr,FOR,FR,I552,2015,AME_C_S,72266,A,F,NR,
occ_arr,FOR,FR,I552,2015,BR,0,A,F,NR,
occ_arr,FOR,FR,I552,2015,AME_C_S_OTH,72266,A,F,NR,
occ_arr,FOR,FR,I552,2015,ASI,480854,A,F,NR,
occ_arr,FOR,FR,I552,2015,CN,85184,A,F,NR,
occ_arr,FOR,FR,I552,2015,JP,48280,A,F,NR,
occ_arr,FOR,FR,I552,2015,KR,0,A,F,NR,
occ_arr,FOR,FR,I552,2015,ASI_OTH,347390,A,F,NR,
occ_arr,FOR,FR,I552,2015,OCE,27041,A,F,NR,
occ_arr,FOR,FR,I552,2015,AU,27041,A,F,NR,
occ_arr,FOR,FR,I552,2015,OCE_OTH,0,A,F,NR,
occ_arr,FOR,FR,I552,2015,WRL_NAL,2946,A,F,NR,
occ_arr,FOR,FR,I552,2015,WORLD,4301657,A,F,NR,
occ_arr,FOR,FR,I553,2015,EUR,7364539,A,F,NR,
occ_arr,FOR,FR,I553,2015,EU28,6944746,A,F,NR,
occ_arr,FOR,FR,I553,2015,BE,758139,A,F,NR,
occ_arr,FOR,FR,I553,2015,BG,1381,A,F,NR,
occ_arr,FOR,FR,I553,2015,CZ,22467,A,F,NR,
occ_arr,FOR,FR,I553,2015,DK,89600,A,F,NR,
occ_arr,FOR,FR,I553,2015,DE,1586894,A,F,NR,
occ_arr,FOR,FR,I553,2015,EE,746,A,F,NR,
occ_arr,FOR,FR,I553,2015,IE,58620,A,F,NR,
occ_arr,FOR,FR,I553,2015,EL,1037,A,F,NR,
occ_arr,FOR,FR,I553,2015,ES,275896,A,F,NR,
occ_arr,FOR,FR,I553,2015,HR,295,A,F,NR,
occ_arr,FOR,FR,I553,2015,IT,268363,A,F,NR,
occ_arr,FOR,FR,I553,2015,CY,0,A,F,NR,
occ_arr,FOR,FR,I553,2015,LV,568,A,F,NR,
occ_arr,FOR,FR,I553,2015,LT,1399,A,F,NR,
occ_arr,FOR,FR,I553,2015,LU,10867,A,F,NR,
occ_arr,FOR,FR,I553,2015,HU,7401,A,F,NR,
occ_arr,FOR,FR,I553,2015,MT,0,A,F,NR,
occ_arr,FOR,FR,I553,2015,NL,2374480,A,F,NR,
occ_arr,FOR,FR,I553,2015,AT,52152,A,F,NR,
occ_arr,FOR,FR,I553,2015,PL,20553,A,F,NR,
occ_arr,FOR,FR,I553,2015,PT,15103,A,F,NR,
occ_arr,FOR,FR,I553,2015,RO,3536,A,F,NR,
occ_arr,FOR,FR,I553,2015,SI,3982,A,F,NR,
occ_arr,FOR,FR,I553,2015,SK,2113,A,F,NR,
occ_arr,FOR,FR,I553,2015,FI,4156,A,F,NR,
occ_arr,FOR,FR,I553,2015,SE,17343,A,F,NR,
occ_arr,FOR,FR,I553,2015,UK,1367655,A,F,NR,
occ_arr,FOR,FR,I553,2015,EFTA,328386,A,F,NR,
occ_arr,FOR,FR,I553,2015,IS,380,A,F,NR,
occ_arr,FOR,FR,I553,2015,CH_LI,321352,A,F,NR,
occ_arr,FOR,FR,I553,2015,NO,6654,A,F,NR,
occ_arr,FOR,FR,I553,2015,TR,402,A,F,NR,
occ_arr,FOR,FR,I553,2015,RU,11831,A,F,NR,
occ_arr,FOR,FR,I553,2015,UA,0,A,F,NR,
occ_arr,FOR,FR,I553,2015,EUR_OTH,79174,A,F,NR,
occ_arr,FOR,FR,I553,2015,AFR,3534,A,F,NR,
occ_arr,FOR,FR,I553,2015,ZA,0,A,F,NR,
occ_arr,FOR,FR,I553,2015,AFR_OTH,3534,A,F,NR,
occ_arr,FOR,FR,I553,2015,AME,16836,A,F,NR,
occ_arr,FOR,FR,I553,2015,AME_N,14605,A,F,NR,
occ_arr,FOR,FR,I553,2015,CA,6663,A,F,NR,
occ_arr,FOR,FR,I553,2015,US,7942,A,F,NR,
occ_arr,FOR,FR,I553,2015,AME_N_OTH,0,A,F,NR,
occ_arr,FOR,FR,I553,2015,AME_C_S,2231,A,F,NR,
occ_arr,FOR,FR,I553,2015,BR,0,A,F,NR,
occ_arr,FOR,FR,I553,2015,AME_C_S_OTH,2231,A,F,NR,
occ_arr,FOR,FR,I553,2015,ASI,17524,A,F,NR,
occ_arr,FOR,FR,I553,2015,CN,934,A,F,NR,
occ_arr,FOR,FR,I553,2015,JP,329,A,F,NR,
occ_arr,FOR,FR,I553,2015,KR,0,A,F,NR,
occ_arr,FOR,FR,I553,2015,ASI_OTH,16261,A,F,NR,
occ_arr,FOR,FR,I553,2015,OCE,0,A,F,NR,
occ_arr,FOR,FR,I553,2015,AU,0,A,F,NR,
occ_arr,FOR,FR,I553,2015,OCE_OTH,0,A,F,NR,
occ_arr,FOR,FR,I553,2015,WRL_NAL,0,A,F,NR,
occ_arr,FOR,FR,I553,2015,WORLD,7402432,A,F,NR,
occ_ni,FOR,FR,I551,2015,EUR,48947723,A,F,NR,
occ_ni,FOR,FR,I551,2015,EU28,42449694,A,F,NR,
occ_ni,FOR,FR,I551,2015,BE,5360042,A,F,NR,
occ_ni,FOR,FR,I551,2015,BG,107970,A,F,NR,
occ_ni,FOR,FR,I551,2015,CZ,288315,A,F,NR,
occ_ni,FOR,FR,I551,2015,DK,521903,A,F,NR,
occ_ni,FOR,FR,I551,2015,DE,6385204,A,F,NR,
occ_ni,FOR,FR,I551,2015,EE,45763,A,F,NR,
occ_ni,FOR,FR,I551,2015,IE,619121,A,F,NR,
occ_ni,FOR,FR,I551,2015,EL,237458,A,F,NR,
occ_ni,FOR,FR,I551,2015,ES,4786001,A,F,NR,
occ_ni,FOR,FR,I551,2015,HR,56409,A,F,NR,
occ_ni,FOR,FR,I551,2015,IT,5107447,A,F,NR,
occ_ni,FOR,FR,I551,2015,CY,32024,A,F,NR,
occ_ni,FOR,FR,I551,2015,LV,38278,A,F,NR,
occ_ni,FOR,FR,I551,2015,LT,70099,A,F,NR,
occ_ni,FOR,FR,I551,2015,LU,352747,A,F,NR,
occ_ni,FOR,FR,I551,2015,HU,160593,A,F,NR,
occ_ni,FOR,FR,I551,2015,MT,54917,A,F,NR,
occ_ni,FOR,FR,I551,2015,NL,3100800,A,F,NR,
occ_ni,FOR,FR,I551,2015,AT,460648,A,F,NR,
occ_ni,FOR,FR,I551,2015,PL,669977,A,F,NR,
occ_ni,FOR,FR,I551,2015,PT,704795,A,F,NR,
occ_ni,FOR,FR,I551,2015,RO,392306,A,F,NR,
occ_ni,FOR,FR,I551,2015,SI,51571,A,F,NR,
occ_ni,FOR,FR,I551,2015,SK,103252,A,F,NR,
occ_ni,FOR,FR,I551,2015,FI,274885,A,F,NR,
occ_ni,FOR,FR,I551,2015,SE,688140,A,F,NR,
occ_ni,FOR,FR,I551,2015,UK,11779031,A,F,NR,
occ_ni,FOR,FR,I551,2015,EFTA,3675748,A,F,NR,
occ_ni,FOR,FR,I551,2015,IS,43168,A,F,NR,
occ_ni,FOR,FR,I551,2015,CH_LI,3193381,A,F,NR,
occ_ni,FOR,FR,I551,2015,NO,439199,A,F,NR,
occ_ni,FOR,FR,I551,2015,TR,457723,A,F,NR,
occ_ni,FOR,FR,I551,2015,RU,1373383,A,F,NR,
occ_ni,FOR,FR,I551,2015,UA,0,A,F,NR,
occ_ni,FOR,FR,I551,2015,EUR_OTH,991176,A,F,NR,
occ_ni,FOR,FR,I551,2015,AFR,1602853,A,F,NR,
occ_ni,FOR,FR,I551,2015,ZA,83808,A,F,NR,
occ_ni,FOR,FR,I551,2015,AFR_OTH,1519045,A,F,NR,
occ_ni,FOR,FR,I551,2015,AME,12023559,A,F,NR,
occ_ni,FOR,FR,I551,2015,AME_N,9294104,A,F,NR,
occ_ni,FOR,FR,I551,2015,CA,1117455,A,F,NR,
occ_ni,FOR,FR,I551,2015,US,8176649,A,F,NR,
occ_ni,FOR,FR,I551,2015,AME_N_OTH,0,A,F,NR,
occ_ni,FOR,FR,I551,2015,AME_C_S,2729455,A,F,NR,
occ_ni,FOR,FR,I551,2015,BR,684329,A,F,NR,
occ_ni,FOR,FR,I551,2015,AME_C_S_OTH,2045126,A,F,NR,
occ_ni,FOR,FR,I551,2015,ASI,10768609,A,F,NR,
occ_ni,FOR,FR,I551,2015,CN,3551943,A,F,NR,
occ_ni,FOR,FR,I551,2015,JP,1797989,A,F,NR,
occ_ni,FOR,FR,I551,2015,KR,359555,A,F,NR,
occ_ni,FOR,FR,I551,2015,ASI_OTH,5059121,A,F,NR,
occ_ni,FOR,FR,I551,2015,OCE,1083919,A,F,NR,
occ_ni,FOR,FR,I551,2015,AU,1083919,A,F,NR,
occ_ni,FOR,FR,I551,2015,OCE_OTH,0,A,F,NR,
occ_ni,FOR,FR,I551,2015,WRL_NAL,30263,A,F,NR,
occ_ni,FOR,FR,I551,2015,WORLD,74456927,A,F,NR,
occ_ni,FOR,FR,I552,2015,EUR,16287924,A,F,NR,
occ_ni,FOR,FR,I552,2015,EU28,14130444,A,F,NR,
occ_ni,FOR,FR,I552,2015,BE,3172228,A,F,NR,
occ_ni,FOR,FR,I552,2015,BG,30654,A,F,NR,
occ_ni,FOR,FR,I552,2015,CZ,93165,A,F,NR,
occ_ni,FOR,FR,I552,2015,DK,266599,A,F,NR,
occ_ni,FOR,FR,I552,2015,DE,2330636,A,F,NR,
occ_ni,FOR,FR,I552,2015,EE,6817,A,F,NR,
occ_ni,FOR,FR,I552,2015,IE,145970,A,F,NR,
occ_ni,FOR,FR,I552,2015,EL,22546,A,F,NR,
occ_ni,FOR,FR,I552,2015,ES,1075538,A,F,NR,
occ_ni,FOR,FR,I552,2015,HR,22252,A,F,NR,
occ_ni,FOR,FR,I552,2015,IT,1205521,A,F,NR,
occ_ni,FOR,FR,I552,2015,CY,3521,A,F,NR,
occ_ni,FOR,FR,I552,2015,LV,10438,A,F,NR,
occ_ni,FOR,FR,I552,2015,LT,17489,A,F,NR,
occ_ni,FOR,FR,I552,2015,LU,114160,A,F,NR,
occ_ni,FOR,FR,I552,2015,HU,83421,A,F,NR,
occ_ni,FOR,FR,I552,2015,MT,2246,A,F,NR,
occ_ni,FOR,FR,I552,2015,NL,1522935,A,F,NR,
occ_ni,FOR,FR,I552,2015,AT,83260,A,F,NR,
occ_ni,FOR,FR,I552,2015,PL,161433,A,F,NR,
occ_ni,FOR,FR,I552,2015,PT,176796,A,F,NR,
occ_ni,FOR,FR,I552,2015,RO,115766,A,F,NR,
occ_ni,FOR,FR,I552,2015,SI,28448,A,F,NR,
occ_ni,FOR,FR,I552,2015,SK,39644,A,F,NR,
occ_ni,FOR,FR,I552,2015,FI,40571,A,F,NR,
occ_ni,FOR,FR,I552,2015,SE,196512,A,F,NR,
occ_ni,FOR,FR,I552,2015,UK,3161878,A,F,NR,
occ_ni,FOR,FR,I552,2015,EFTA,1301774,A,F,NR,
occ_ni,FOR,FR,I552,2015,IS,10619,A,F,NR,
occ_ni,FOR,FR,I552,2015,CH_LI,1183426,A,F,NR,
occ_ni,FOR,FR,I552,2015,NO,107730,A,F,NR,
occ_ni,FOR,FR,I552,2015,TR,58166,A,F,NR,
occ_ni,FOR,FR,I552,2015,RU,425516,A,F,NR,
occ_ni,FOR,FR,I552,2015,UA,0,A,F,NR,
occ_ni,FOR,FR,I552,2015,EUR_OTH,372023,A,F,NR,
occ_ni,FOR,FR,I552,2015,AFR,421508,A,F,NR,
occ_ni,FOR,FR,I552,2015,ZA,0,A,F,NR,
occ_ni,FOR,FR,I552,2015,AFR_OTH,421508,A,F,NR,
occ_ni,FOR,FR,I552,2015,AME,1079711,A,F,NR,
occ_ni,FOR,FR,I552,2015,AME_N,775981,A,F,NR,
occ_ni,FOR,FR,I552,2015,CA,119168,A,F,NR,
occ_ni,FOR,FR,I552,2015,US,656812,A,F,NR,
occ_ni,FOR,FR,I552,2015,AME_N_OTH,0,A,F,NR,
occ_ni,FOR,FR,I552,2015,AME_C_S,303730,A,F,NR,
occ_ni,FOR,FR,I552,2015,BR,0,A,F,NR,
occ_ni,FOR,FR,I552,2015,AME_C_S_OTH,303730,A,F,NR,
occ_ni,FOR,FR,I552,2015,ASI,2056384,A,F,NR,
occ_ni,FOR,FR,I552,2015,CN,328348,A,F,NR,
occ_ni,FOR,FR,I552,2015,JP,170757,A,F,NR,
occ_ni,FOR,FR,I552,2015,KR,0,A,F,NR,
occ_ni,FOR,FR,I552,2015,ASI_OTH,1557279,A,F,NR,
occ_ni,FOR,FR,I552,2015,OCE,107412,A,F,NR,
occ_ni,FOR,FR,I552,2015,AU,107412,A,F,NR,
occ_ni,FOR,FR,I552,2015,OCE_OTH,0,A,F,NR,
occ_ni,FOR,FR,I552,2015,WRL_NAL,10802,A,F,NR,
occ_ni,FOR,FR,I552,2015,WORLD,19963741,A,F,NR,
occ_ni,FOR,FR,I553,2015,EUR,35939057,A,F,NR,
occ_ni,FOR,FR,I553,2015,EU28,33983050,A,F,NR,
occ_ni,FOR,FR,I553,2015,BE,4223962,A,F,NR,
occ_ni,FOR,FR,I553,2015,BG,10106,A,F,NR,
occ_ni,FOR,FR,I553,2015,CZ,69727,A,F,NR,
occ_ni,FOR,FR,I553,2015,DK,408016,A,F,NR,
occ_ni,FOR,FR,I553,2015,DE,7355464,A,F,NR,
occ_ni,FOR,FR,I553,2015,EE,2585,A,F,NR,
occ_ni,FOR,FR,I553,2015,IE,315302,A,F,NR,
occ_ni,FOR,FR,I553,2015,EL,3226,A,F,NR,
occ_ni,FOR,FR,I553,2015,ES,1038796,A,F,NR,
occ_ni,FOR,FR,I553,2015,HR,1073,A,F,NR,
occ_ni,FOR,FR,I553,2015,IT,1110311,A,F,NR,
occ_ni,FOR,FR,I553,2015,CY,0,A,F,NR,
occ_ni,FOR,FR,I553,2015,LV,1443,A,F,NR,
occ_ni,FOR,FR,I553,2015,LT,4752,A,F,NR,
occ_ni,FOR,FR,I553,2015,LU,57815,A,F,NR,
occ_ni,FOR,FR,I553,2015,HU,34065,A,F,NR,
occ_ni,FOR,FR,I553,2015,MT,0,A,F,NR,
occ_ni,FOR,FR,I553,2015,NL,12658012,A,F,NR,
occ_ni,FOR,FR,I553,2015,AT,196603,A,F,NR,
occ_ni,FOR,FR,I553,2015,PL,97607,A,F,NR,
occ_ni,FOR,FR,I553,2015,PT,89975,A,F,NR,
occ_ni,FOR,FR,I553,2015,RO,18217,A,F,NR,
occ_ni,FOR,FR,I553,2015,SI,14104,A,F,NR,
occ_ni,FOR,FR,I553,2015,SK,9102,A,F,NR,
occ_ni,FOR,FR,I553,2015,FI,14803,A,F,NR,
occ_ni,FOR,FR,I553,2015,SE,56101,A,F,NR,
occ_ni,FOR,FR,I553,2015,UK,6191884,A,F,NR,
occ_ni,FOR,FR,I553,2015,EFTA,1523068,A,F,NR,
occ_ni,FOR,FR,I553,2015,IS,1160,A,F,NR,
occ_ni,FOR,FR,I553,2015,CH_LI,1500246,A,F,NR,
occ_ni,FOR,FR,I553,2015,NO,21661,A,F,NR,
occ_ni,FOR,FR,I553,2015,TR,1203,A,F,NR,
occ_ni,FOR,FR,I553,2015,RU,51474,A,F,NR,
occ_ni,FOR,FR,I553,2015,UA,0,A,F,NR,
occ_ni,FOR,FR,I553,2015,EUR_OTH,380263,A,F,NR,
occ_ni,FOR,FR,I553,2015,AFR,11771,A,F,NR,
occ_ni,FOR,FR,I553,2015,ZA,0,A,F,NR,
occ_ni,FOR,FR,I553,2015,AFR_OTH,11771,A,F,NR,
occ_ni,FOR,FR,I553,2015,AME,46737,A,F,NR,
occ_ni,FOR,FR,I553,2015,AME_N,40641,A,F,NR,
occ_ni,FOR,FR,I553,2015,CA,18575,A,F,NR,
occ_ni,FOR,FR,I553,2015,US,22066,A,F,NR,
occ_ni,FOR,FR,I553,2015,AME_N_OTH,0,A,F,NR,
occ_ni,FOR,FR,I553,2015,AME_C_S,6096,A,F,NR,
occ_ni,FOR,FR,I553,2015,BR,0,A,F,NR,
occ_ni,FOR,FR,I553,2015,AME_C_S_OTH,6096,A,F,NR,
occ_ni,FOR,FR,I553,2015,ASI,46763,A,F,NR,
occ_ni,FOR,FR,I553,2015,CN,2956,A,F,NR,
occ_ni,FOR,FR,I553,2015,JP,699,A,F,NR,
occ_ni,FOR,FR,I553,2015,KR,0,A,F,NR,
occ_ni,FOR,FR,I553,2015,ASI_OTH,43109,A,F,NR,
occ_ni,FOR,FR,I553,2015,OCE,0,A,F,NR,
occ_ni,FOR,FR,I553,2015,AU,0,A,F,NR,
occ_ni,FOR,FR,I553,2015,OCE_OTH,0,A,F,NR,
occ_ni,FOR,FR,I553,2015,WRL_NAL,0,A,F,NR,
occ_ni,FOR,FR,I553,2015,WORLD,36044329,A,F,NR,
occ_ni,FOR,FR,I551,2016,EUR,46957080,A,F,NR,
occ_ni,FOR,FR,I551,2016,EU28,40712856,A,F,NR,
occ_ni,FOR,FR,I551,2016,BE,5591192,A,F,NR,
occ_ni,FOR,FR,I551,2016,BG,92016,A,F,NR,
occ_ni,FOR,FR,I551,2016,CZ,257648,A,F,NR,
occ_ni,FOR,FR,I551,2016,DK,542490,A,F,NR,
occ_ni,FOR,FR,I551,2016,DE,6154182,A,F,NR,
occ_ni,FOR,FR,I551,2016,EE,43947,A,F,NR,
occ_ni,FOR,FR,I551,2016,IE,675283,A,F,NR,
occ_ni,FOR,FR,I551,2016,EL,241146,A,F,NR,
occ_ni,FOR,FR,I551,2016,ES,4544572,A,F,NR,
occ_ni,FOR,FR,I551,2016,FR,0,A,F,NR,
occ_ni,FOR,FR,I551,2016,HR,65581,A,F,NR,
occ_ni,FOR,FR,I551,2016,IT,4134293,A,F,NR,
occ_ni,FOR,FR,I551,2016,CY,28770,A,F,NR,
occ_ni,FOR,FR,I551,2016,LV,32284,A,F,NR,
occ_ni,FOR,FR,I551,2016,LT,71274,A,F,NR,
occ_ni,FOR,FR,I551,2016,LU,377691,A,F,NR,
occ_ni,FOR,FR,I551,2016,HU,176472,A,F,NR,
occ_ni,FOR,FR,I551,2016,MT,54851,A,F,NR,
occ_ni,FOR,FR,I551,2016,NL,3056475,A,F,NR,
occ_ni,FOR,FR,I551,2016,AT,536887,A,F,NR,
occ_ni,FOR,FR,I551,2016,PL,627892,A,F,NR,
occ_ni,FOR,FR,I551,2016,PT,706736,A,F,NR,
occ_ni,FOR,FR,I551,2016,RO,385784,A,F,NR,
occ_ni,FOR,FR,I551,2016,SI,46724,A,F,NR,
occ_ni,FOR,FR,I551,2016,SK,89296,A,F,NR,
occ_ni,FOR,FR,I551,2016,FI,264757,A,F,NR,
occ_ni,FOR,FR,I551,2016,SE,715339,A,F,NR,
occ_ni,FOR,FR,I551,2016,UK,11199273,A,F,NR,
occ_ni,FOR,FR,I551,2016,EFTA,3611387,A,F,NR,
occ_ni,FOR,FR,I551,2016,IS,78914,A,F,NR,
occ_ni,FOR,FR,I551,2016,CH_LI,3149792,A,F,NR,
occ_ni,FOR,FR,I551,2016,NO,382681,A,F,NR,
occ_ni,FOR,FR,I551,2016,TR,510143,A,F,NR,
occ_ni,FOR,FR,I551,2016,RU,1064587,A,F,NR,
occ_ni,FOR,FR,I551,2016,UA,0,A,F,NR,
occ_ni,FOR,FR,I551,2016,EUR_OTH,1058108,A,F,NR,
occ_ni,FOR,FR,I551,2016,AFR,1682502,A,F,NR,
occ_ni,FOR,FR,I551,2016,ZA,121510,A,F,NR,
occ_ni,FOR,FR,I551,2016,AFR_OTH,1560992,A,F,NR,
occ_ni,FOR,FR,I551,2016,AME,11020688,A,F,NR,
occ_ni,FOR,FR,I551,2016,AME_N,8545476,A,F,NR,
occ_ni,FOR,FR,I551,2016,CA,972520,A,F,NR,
occ_ni,FOR,FR,I551,2016,US,7570667,A,F,NR,
occ_ni,FOR,FR,I551,2016,AME_N_OTH,0,A,F,NR,
occ_ni,FOR,FR,I551,2016,AME_C_S,2475212,A,F,NR,
occ_ni,FOR,FR,I551,2016,BR,949436,A,F,NR,
occ_ni,FOR,FR,I551,2016,AME_C_S_OTH,1525776,A,F,NR,
occ_ni,FOR,FR,I551,2016,ASI,9588897,A,F,NR,
occ_ni,FOR,FR,I551,2016,CN,2839408,A,F,NR,
occ_ni,FOR,FR,I551,2016,JP,1101325,A,F,NR,
occ_ni,FOR,FR,I551,2016,KR,460641,A,F,NR,
occ_ni,FOR,FR,I551,2016,ASI_OTH,5187522,A,F,NR,
occ_ni,FOR,FR,I551,2016,OCE,903540,A,F,NR,
occ_ni,FOR,FR,I551,2016,AU,903540,A,F,NR,
occ_ni,FOR,FR,I551,2016,OCE_OTH,0,A,F,NR,
occ_ni,FOR,FR,I551,2016,WRL_NAL,63283,A,F,NR,
occ_ni,FOR,FR,I551,2016,WORLD,70215991,A,F,NR,
occ_ni,FOR,FR,I552,2016,EUR,14388120,A,F,NR,
occ_ni,FOR,FR,I552,2016,EU28,12536519,A,F,NR,
occ_ni,FOR,FR,I552,2016,BE,2845530,A,F,NR,
occ_ni,FOR,FR,I552,2016,BG,15329,A,F,NR,
occ_ni,FOR,FR,I552,2016,CZ,139359,A,F,NR,
occ_ni,FOR,FR,I552,2016,DK,230683,A,F,NR,
occ_ni,FOR,FR,I552,2016,DE,2129045,A,F,NR,
occ_ni,FOR,FR,I552,2016,EE,6229,A,F,NR,
occ_ni,FOR,FR,I552,2016,IE,134394,A,F,NR,
occ_ni,FOR,FR,I552,2016,EL,18920,A,F,NR,
occ_ni,FOR,FR,I552,2016,ES,1014012,A,F,NR,
occ_ni,FOR,FR,I552,2016,FR,0,A,F,NR,
occ_ni,FOR,FR,I552,2016,HR,53093,A,F,NR,
occ_ni,FOR,FR,I552,2016,IT,1060964,A,F,NR,
occ_ni,FOR,FR,I552,2016,CY,1085,A,F,NR,
occ_ni,FOR,FR,I552,2016,LV,5824,A,F,NR,
occ_ni,FOR,FR,I552,2016,LT,21897,A,F,NR,
occ_ni,FOR,FR,I552,2016,LU,96207,A,F,NR,
occ_ni,FOR,FR,I552,2016,HU,97635,A,F,NR,
occ_ni,FOR,FR,I552,2016,MT,1630,A,F,NR,
occ_ni,FOR,FR,I552,2016,NL,1291287,A,F,NR,
occ_ni,FOR,FR,I552,2016,AT,100920,A,F,NR,
occ_ni,FOR,FR,I552,2016,PL,219166,A,F,NR,
occ_ni,FOR,FR,I552,2016,PT,278670,A,F,NR,
occ_ni,FOR,FR,I552,2016,RO,111915,A,F,NR,
occ_ni,FOR,FR,I552,2016,SI,35520,A,F,NR,
occ_ni,FOR,FR,I552,2016,SK,84925,A,F,NR,
occ_ni,FOR,FR,I552,2016,FI,36509,A,F,NR,
occ_ni,FOR,FR,I552,2016,SE,172299,A,F,NR,
occ_ni,FOR,FR,I552,2016,UK,2333470,A,F,NR,
occ_ni,FOR,FR,I552,2016,EFTA,1192966,A,F,NR,
occ_ni,FOR,FR,I552,2016,IS,4649,A,F,NR,
occ_ni,FOR,FR,I552,2016,CH_LI,1109904,A,F,NR,
occ_ni,FOR,FR,I552,2016,NO,78413,A,F,NR,
occ_ni,FOR,FR,I552,2016,TR,65249,A,F,NR,
occ_ni,FOR,FR,I552,2016,RU,288958,A,F,NR,
occ_ni,FOR,FR,I552,2016,UA,0,A,F,NR,
occ_ni,FOR,FR,I552,2016,EUR_OTH,304427,A,F,NR,
occ_ni,FOR,FR,I552,2016,AFR,520366,A,F,NR,
occ_ni,FOR,FR,I552,2016,ZA,0,A,F,NR,
occ_ni,FOR,FR,I552,2016,AFR_OTH,520366,A,F,NR,
occ_ni,FOR,FR,I552,2016,AME,911900,A,F,NR,
occ_ni,FOR,FR,I552,2016,AME_N,692259,A,F,NR,
occ_ni,FOR,FR,I552,2016,CA,114210,A,F,NR,
occ_ni,FOR,FR,I552,2016,US,578049,A,F,NR,
occ_ni,FOR,FR,I552,2016,AME_N_OTH,0,A,F,NR,
occ_ni,FOR,FR,I552,2016,AME_C_S,219641,A,F,NR,
occ_ni,FOR,FR,I552,2016,BR,0,A,F,NR,
occ_ni,FOR,FR,I552,2016,AME_C_S_OTH,219641,A,F,NR,
occ_ni,FOR,FR,I552,2016,ASI,1771224,A,F,NR,
occ_ni,FOR,FR,I552,2016,CN,422309,A,F,NR,
occ_ni,FOR,FR,I552,2016,JP,114427,A,F,NR,
occ_ni,FOR,FR,I552,2016,KR,0,A,F,NR,
occ_ni,FOR,FR,I552,2016,ASI_OTH,1234488,A,F,NR,
occ_ni,FOR,FR,I552,2016,OCE,114505,A,F,NR,
occ_ni,FOR,FR,I552,2016,AU,114505,A,F,NR,
occ_ni,FOR,FR,I552,2016,OCE_OTH,0,A,F,NR,
occ_ni,FOR,FR,I552,2016,WRL_NAL,24278,A,F,NR,
occ_ni,FOR,FR,I552,2016,WORLD,17730393,A,F,NR,
occ_ni,FOR,FR,I553,2016,EUR,35843455,A,F,NR,
occ_ni,FOR,FR,I553,2016,EU28,34032881,A,F,NR,
occ_ni,FOR,FR,I553,2016,BE,4375791,A,F,NR,
occ_ni,FOR,FR,I553,2016,BG,7357,A,F,NR,
occ_ni,FOR,FR,I553,2016,CZ,77190,A,F,NR,
occ_ni,FOR,FR,I553,2016,DK,404295,A,F,NR,
occ_ni,FOR,FR,I553,2016,DE,7508450,A,F,NR,
occ_ni,FOR,FR,I553,2016,EE,5310,A,F,NR,
occ_ni,FOR,FR,I553,2016,IE,405214,A,F,NR,
occ_ni,FOR,FR,I553,2016,EL,2754,A,F,NR,
occ_ni,FOR,FR,I553,2016,ES,1085195,A,F,NR,
occ_ni,FOR,FR,I553,2016,FR,0,A,F,NR,
occ_ni,FOR,FR,I553,2016,HR,3882,A,F,NR,
occ_ni,FOR,FR,I553,2016,IT,897607,A,F,NR,
occ_ni,FOR,FR,I553,2016,CY,0,A,F,NR,
occ_ni,FOR,FR,I553,2016,LV,1322,A,F,NR,
occ_ni,FOR,FR,I553,2016,LT,5108,A,F,NR,
occ_ni,FOR,FR,I553,2016,LU,82266,A,F,NR,
occ_ni,FOR,FR,I553,2016,HU,24835,A,F,NR,
occ_ni,FOR,FR,I553,2016,MT,0,A,F,NR,
occ_ni,FOR,FR,I553,2016,NL,12429225,A,F,NR,
occ_ni,FOR,FR,I553,2016,AT,163161,A,F,NR,
occ_ni,FOR,FR,I553,2016,PL,108507,A,F,NR,
occ_ni,FOR,FR,I553,2016,PT,65656,A,F,NR,
occ_ni,FOR,FR,I553,2016,RO,20873,A,F,NR,
occ_ni,FOR,FR,I553,2016,SI,9474,A,F,NR,
occ_ni,FOR,FR,I553,2016,SK,10650,A,F,NR,
occ_ni,FOR,FR,I553,2016,FI,14706,A,F,NR,
occ_ni,FOR,FR,I553,2016,SE,60327,A,F,NR,
occ_ni,FOR,FR,I553,2016,UK,6263728,A,F,NR,
occ_ni,FOR,FR,I553,2016,EFTA,1463069,A,F,NR,
occ_ni,FOR,FR,I553,2016,IS,2301,A,F,NR,
occ_ni,FOR,FR,I553,2016,CH_LI,1437597,A,F,NR,
occ_ni,FOR,FR,I553,2016,NO,23171,A,F,NR,
occ_ni,FOR,FR,I553,2016,TR,2168,A,F,NR,
occ_ni,FOR,FR,I553,2016,RU,26769,A,F,NR,
occ_ni,FOR,FR,I553,2016,UA,0,A,F,NR,
occ_ni,FOR,FR,I553,2016,EUR_OTH,318568,A,F,NR,
occ_ni,FOR,FR,I553,2016,AFR,6921,A,F,NR,
occ_ni,FOR,FR,I553,2016,ZA,0,A,F,NR,
occ_ni,FOR,FR,I553,2016,AFR_OTH,6921,A,F,NR,
occ_ni,FOR,FR,I553,2016,AME,44634,A,F,NR,
occ_ni,FOR,FR,I553,2016,AME_N,37521,A,F,NR,
occ_ni,FOR,FR,I553,2016,CA,17103,A,F,NR,
occ_ni,FOR,FR,I553,2016,US,20418,A,F,NR,
occ_ni,FOR,FR,I553,2016,AME_N_OTH,0,A,F,NR,
occ_ni,FOR,FR,I553,2016,AME_C_S,7113,A,F,NR,
occ_ni,FOR,FR,I553,2016,BR,0,A,F,NR,
occ_ni,FOR,FR,I553,2016,AME_C_S_OTH,7113,A,F,NR,
occ_ni,FOR,FR,I553,2016,ASI,42639,A,F,NR,
occ_ni,FOR,FR,I553,2016,CN,2469,A,F,NR,
occ_ni,FOR,FR,I553,2016,JP,1293,A,F,NR,
occ_ni,FOR,FR,I553,2016,KR,0,A,F,NR,
occ_ni,FOR,FR,I553,2016,ASI_OTH,38878,A,F,NR,
occ_ni,FOR,FR,I553,2016,OCE,0,A,F,NR,
occ_ni,FOR,FR,I553,2016,AU,0,A,F,NR,
occ_ni,FOR,FR,I553,2016,OCE_OTH,0,A,F,NR,
occ_ni,FOR,FR,I553,2016,WRL_NAL,0,A,F,NR,
occ_ni,FOR,FR,I553,2016,WORLD,35937650,A,F,NR,
occ_arr,FOR,FR,I551,2016,EUR,23244695,A,F,NR,
occ_arr,FOR,FR,I551,2016,EU28,20264216,A,F,NR,
occ_arr,FOR,FR,I551,2016,BE,3068212,A,F,NR,
occ_arr,FOR,FR,I551,2016,BG,43520,A,F,NR,
occ_arr,FOR,FR,I551,2016,CZ,131539,A,F,NR,
occ_arr,FOR,FR,I551,2016,DK,241876,A,F,NR,
occ_arr,FOR,FR,I551,2016,DE,3183637,A,F,NR,
occ_arr,FOR,FR,I551,2016,EE,19201,A,F,NR,
occ_arr,FOR,FR,I551,2016,IE,272119,A,F,NR,
occ_arr,FOR,FR,I551,2016,EL,99267,A,F,NR,
occ_arr,FOR,FR,I551,2016,ES,2127472,A,F,NR,
occ_arr,FOR,FR,I551,2016,FR,0,A,F,NR,
occ_arr,FOR,FR,I551,2016,HR,31531,A,F,NR,
occ_arr,FOR,FR,I551,2016,IT,1950721,A,F,NR,
occ_arr,FOR,FR,I551,2016,CY,11451,A,F,NR,
occ_arr,FOR,FR,I551,2016,LV,15722,A,F,NR,
occ_arr,FOR,FR,I551,2016,LT,37447,A,F,NR,
occ_arr,FOR,FR,I551,2016,LU,202832,A,F,NR,
occ_arr,FOR,FR,I551,2016,HU,85086,A,F,NR,
occ_arr,FOR,FR,I551,2016,MT,21290,A,F,NR,
occ_arr,FOR,FR,I551,2016,NL,1737625,A,F,NR,
occ_arr,FOR,FR,I551,2016,AT,242083,A,F,NR,
occ_arr,FOR,FR,I551,2016,PL,317648,A,F,NR,
occ_arr,FOR,FR,I551,2016,PT,352275,A,F,NR,
occ_arr,FOR,FR,I551,2016,RO,187830,A,F,NR,
occ_arr,FOR,FR,I551,2016,SI,23297,A,F,NR,
occ_arr,FOR,FR,I551,2016,SK,43738,A,F,NR,
occ_arr,FOR,FR,I551,2016,FI,120937,A,F,NR,
occ_arr,FOR,FR,I551,2016,SE,312397,A,F,NR,
occ_arr,FOR,FR,I551,2016,UK,5383464,A,F,NR,
occ_arr,FOR,FR,I551,2016,EFTA,1856440,A,F,NR,
occ_arr,FOR,FR,I551,2016,IS,36584,A,F,NR,
occ_arr,FOR,FR,I551,2016,CH_LI,1652487,A,F,NR,
occ_arr,FOR,FR,I551,2016,NO,167369,A,F,NR,
occ_arr,FOR,FR,I551,2016,TR,228694,A,F,NR,
occ_arr,FOR,FR,I551,2016,RU,422821,A,F,NR,
occ_arr,FOR,FR,I551,2016,UA,0,A,F,NR,
occ_arr,FOR,FR,I551,2016,EUR_OTH,472524,A,F,NR,
occ_arr,FOR,FR,I551,2016,AFR,694087,A,F,NR,
occ_arr,FOR,FR,I551,2016,ZA,50219,A,F,NR,
occ_arr,FOR,FR,I551,2016,AFR_OTH,643868,A,F,NR,
occ_arr,FOR,FR,I551,2016,AME,4737243,A,F,NR,
occ_arr,FOR,FR,I551,2016,AME_N,3763633,A,F,NR,
occ_arr,FOR,FR,I551,2016,CA,424370,A,F,NR,
occ_arr,FOR,FR,I551,2016,US,3338442,A,F,NR,
occ_arr,FOR,FR,I551,2016,AME_N_OTH,820,A,F,NR,
occ_arr,FOR,FR,I551,2016,AME_C_S,973610,A,F,NR,
occ_arr,FOR,FR,I551,2016,BR,364949,A,F,NR,
occ_arr,FOR,FR,I551,2016,AME_C_S_OTH,608662,A,F,NR,
occ_arr,FOR,FR,I551,2016,ASI,4564188,A,F,NR,
occ_arr,FOR,FR,I551,2016,CN,1524125,A,F,NR,
occ_arr,FOR,FR,I551,2016,JP,497386,A,F,NR,
occ_arr,FOR,FR,I551,2016,KR,238735,A,F,NR,
occ_arr,FOR,FR,I551,2016,ASI_OTH,2303942,A,F,NR,
occ_arr,FOR,FR,I551,2016,OCE,394868,A,F,NR,
occ_arr,FOR,FR,I551,2016,AU,394868,A,F,NR,
occ_arr,FOR,FR,I551,2016,OCE_OTH,0,A,F,NR,
occ_arr,FOR,FR,I551,2016,WRL_NAL,11369,A,F,NR,
occ_arr,FOR,FR,I551,2016,WORLD,33646450,A,F,NR,
occ_arr,FOR,FR,I552,2016,EUR,3230953,A,F,NR,
occ_arr,FOR,FR,I552,2016,EU28,2780840,A,F,NR,
occ_arr,FOR,FR,I552,2016,BE,566040,A,F,NR,
occ_arr,FOR,FR,I552,2016,BG,3926,A,F,NR,
occ_arr,FOR,FR,I552,2016,CZ,28368,A,F,NR,
occ_arr,FOR,FR,I552,2016,DK,44400,A,F,NR,
occ_arr,FOR,FR,I552,2016,DE,512490,A,F,NR,
occ_arr,FOR,FR,I552,2016,EE,1495,A,F,NR,
occ_arr,FOR,FR,I552,2016,IE,26654,A,F,NR,
occ_arr,FOR,FR,I552,2016,EL,5204,A,F,NR,
occ_arr,FOR,FR,I552,2016,ES,272123,A,F,NR,
occ_arr,FOR,FR,I552,2016,FR,0,A,F,NR,
occ_arr,FOR,FR,I552,2016,HR,9821,A,F,NR,
occ_arr,FOR,FR,I552,2016,IT,256633,A,F,NR,
occ_arr,FOR,FR,I552,2016,CY,311,A,F,NR,
occ_arr,FOR,FR,I552,2016,LV,1337,A,F,NR,
occ_arr,FOR,FR,I552,2016,LT,5550,A,F,NR,
occ_arr,FOR,FR,I552,2016,LU,23874,A,F,NR,
occ_arr,FOR,FR,I552,2016,HU,19135,A,F,NR,
occ_arr,FOR,FR,I552,2016,MT,443,A,F,NR,
occ_arr,FOR,FR,I552,2016,NL,269325,A,F,NR,
occ_arr,FOR,FR,I552,2016,AT,22804,A,F,NR,
occ_arr,FOR,FR,I552,2016,PL,46969,A,F,NR,
occ_arr,FOR,FR,I552,2016,PT,60115,A,F,NR,
occ_arr,FOR,FR,I552,2016,RO,25291,A,F,NR,
occ_arr,FOR,FR,I552,2016,SI,6161,A,F,NR,
occ_arr,FOR,FR,I552,2016,SK,19258,A,F,NR,
occ_arr,FOR,FR,I552,2016,FI,8897,A,F,NR,
occ_arr,FOR,FR,I552,2016,SE,38187,A,F,NR,
occ_arr,FOR,FR,I552,2016,UK,506030,A,F,NR,
occ_arr,FOR,FR,I552,2016,EFTA,285832,A,F,NR,
occ_arr,FOR,FR,I552,2016,IS,1347,A,F,NR,
occ_arr,FOR,FR,I552,2016,CH_LI,265760,A,F,NR,
occ_arr,FOR,FR,I552,2016,NO,18725,A,F,NR,
occ_arr,FOR,FR,I552,2016,TR,15441,A,F,NR,
occ_arr,FOR,FR,I552,2016,RU,62262,A,F,NR,
occ_arr,FOR,FR,I552,2016,UA,0,A,F,NR,
occ_arr,FOR,FR,I552,2016,EUR_OTH,86578,A,F,NR,
occ_arr,FOR,FR,I552,2016,AFR,121572,A,F,NR,
occ_arr,FOR,FR,I552,2016,ZA,0,A,F,NR,
occ_arr,FOR,FR,I552,2016,AFR_OTH,121572,A,F,NR,
occ_arr,FOR,FR,I552,2016,AME,221895,A,F,NR,
occ_arr,FOR,FR,I552,2016,AME_N,171154,A,F,NR,
occ_arr,FOR,FR,I552,2016,CA,29011,A,F,NR,
occ_arr,FOR,FR,I552,2016,US,142144,A,F,NR,
occ_arr,FOR,FR,I552,2016,AME_N_OTH,0,A,F,NR,
occ_arr,FOR,FR,I552,2016,AME_C_S,50740,A,F,NR,
occ_arr,FOR,FR,I552,2016,BR,0,A,F,NR,
occ_arr,FOR,FR,I552,2016,AME_C_S_OTH,50740,A,F,NR,
occ_arr,FOR,FR,I552,2016,ASI,442001,A,F,NR,
occ_arr,FOR,FR,I552,2016,CN,114435,A,F,NR,
occ_arr,FOR,FR,I552,2016,JP,29790,A,F,NR,
occ_arr,FOR,FR,I552,2016,KR,0,A,F,NR,
occ_arr,FOR,FR,I552,2016,ASI_OTH,297777,A,F,NR,
occ_arr,FOR,FR,I552,2016,OCE,29549,A,F,NR,
occ_arr,FOR,FR,I552,2016,AU,29549,A,F,NR,
occ_arr,FOR,FR,I552,2016,OCE_OTH,0,A,F,NR,
occ_arr,FOR,FR,I552,2016,WRL_NAL,0,A,F,NR,
occ_arr,FOR,FR,I552,2016,WORLD,4045970,A,F,NR,
occ_arr,FOR,FR,I553,2016,EUR,7232083,A,F,NR,
occ_arr,FOR,FR,I553,2016,EU28,6832082,A,F,NR,
occ_arr,FOR,FR,I553,2016,BE,775740,A,F,NR,
occ_arr,FOR,FR,I553,2016,BG,1352,A,F,NR,
occ_arr,FOR,FR,I553,2016,CZ,24266,A,F,NR,
occ_arr,FOR,FR,I553,2016,DK,87553,A,F,NR,
occ_arr,FOR,FR,I553,2016,DE,1605625,A,F,NR,
occ_arr,FOR,FR,I553,2016,EE,995,A,F,NR,
occ_arr,FOR,FR,I553,2016,IE,83091,A,F,NR,
occ_arr,FOR,FR,I553,2016,EL,1010,A,F,NR,
occ_arr,FOR,FR,I553,2016,ES,290295,A,F,NR,
occ_arr,FOR,FR,I553,2016,FR,0,A,F,NR,
occ_arr,FOR,FR,I553,2016,HR,1191,A,F,NR,
occ_arr,FOR,FR,I553,2016,IT,216401,A,F,NR,
occ_arr,FOR,FR,I553,2016,CY,0,A,F,NR,
occ_arr,FOR,FR,I553,2016,LV,537,A,F,NR,
occ_arr,FOR,FR,I553,2016,LT,1400,A,F,NR,
occ_arr,FOR,FR,I553,2016,LU,13924,A,F,NR,
occ_arr,FOR,FR,I553,2016,HU,6269,A,F,NR,
occ_arr,FOR,FR,I553,2016,MT,0,A,F,NR,
occ_arr,FOR,FR,I553,2016,NL,2274943,A,F,NR,
occ_arr,FOR,FR,I553,2016,AT,45197,A,F,NR,
occ_arr,FOR,FR,I553,2016,PL,19907,A,F,NR,
occ_arr,FOR,FR,I553,2016,PT,12890,A,F,NR,
occ_arr,FOR,FR,I553,2016,RO,4768,A,F,NR,
occ_arr,FOR,FR,I553,2016,SI,3149,A,F,NR,
occ_arr,FOR,FR,I553,2016,SK,2880,A,F,NR,
occ_arr,FOR,FR,I553,2016,FI,4688,A,F,NR,
occ_arr,FOR,FR,I553,2016,SE,19260,A,F,NR,
occ_arr,FOR,FR,I553,2016,UK,1334751,A,F,NR,
occ_arr,FOR,FR,I553,2016,EFTA,323089,A,F,NR,
occ_arr,FOR,FR,I553,2016,IS,882,A,F,NR,
occ_arr,FOR,FR,I553,2016,CH_LI,315210,A,F,NR,
occ_arr,FOR,FR,I553,2016,NO,6997,A,F,NR,
occ_arr,FOR,FR,I553,2016,TR,590,A,F,NR,
occ_arr,FOR,FR,I553,2016,RU,7448,A,F,NR,
occ_arr,FOR,FR,I553,2016,UA,0,A,F,NR,
occ_arr,FOR,FR,I553,2016,EUR_OTH,68873,A,F,NR,
occ_arr,FOR,FR,I553,2016,AFR,1831,A,F,NR,
occ_arr,FOR,FR,I553,2016,ZA,0,A,F,NR,
occ_arr,FOR,FR,I553,2016,AFR_OTH,1831,A,F,NR,
occ_arr,FOR,FR,I553,2016,AME,16558,A,F,NR,
occ_arr,FOR,FR,I553,2016,AME_N,13824,A,F,NR,
occ_arr,FOR,FR,I553,2016,CA,6290,A,F,NR,
occ_arr,FOR,FR,I553,2016,US,7534,A,F,NR,
occ_arr,FOR,FR,I553,2016,AME_N_OTH,0,A,F,NR,
occ_arr,FOR,FR,I553,2016,AME_C_S,2734,A,F,NR,
occ_arr,FOR,FR,I553,2016,BR,0,A,F,NR,
occ_arr,FOR,FR,I553,2016,AME_C_S_OTH,2734,A,F,NR,
occ_arr,FOR,FR,I553,2016,ASI,16437,A,F,NR,
occ_arr,FOR,FR,I553,2016,CN,847,A,F,NR,
occ_arr,FOR,FR,I553,2016,JP,708,A,F,NR,
occ_arr,FOR,FR,I553,2016,KR,0,A,F,NR,
occ_arr,FOR,FR,I553,2016,ASI_OTH,14882,A,F,NR,
occ_arr,FOR,FR,I553,2016,OCE,0,A,F,NR,
occ_arr,FOR,FR,I553,2016,AU,0,A,F,NR,
occ_arr,FOR,FR,I553,2016,OCE_OTH,0,A,F,NR,
occ_arr,FOR,FR,I553,2016,WRL_NAL,0,A,F,NR,
occ_arr,FOR,FR,I553,2016,WORLD,7266910,A,F,NR,
occ_ni,FOR,FR,I551,2017,EUR,49743829,A,F,NR,
occ_ni,FOR,FR,I551,2017,EU28,42647191,A,F,NR,
occ_ni,FOR,FR,I551,2017,BE,5696497,A,F,NR,
occ_ni,FOR,FR,I551,2017,BG,104068,A,F,NR,
occ_ni,FOR,FR,I551,2017,CZ,281609,A,F,NR,
occ_ni,FOR,FR,I551,2017,DK,559465,A,F,NR,
occ_ni,FOR,FR,I551,2017,DE,6771064,A,F,NR,
occ_ni,FOR,FR,I551,2017,EE,53153,A,F,NR,
occ_ni,FOR,FR,I551,2017,IE,652312,A,F,NR,
occ_ni,FOR,FR,I551,2017,EL,240737,A,F,NR,
occ_ni,FOR,FR,I551,2017,ES,5055205,A,F,NR,
occ_ni,FOR,FR,I551,2017,FR,0,A,F,NR,
occ_ni,FOR,FR,I551,2017,HR,76677,A,F,NR,
occ_ni,FOR,FR,I551,2017,IT,4522129,A,F,NR,
occ_ni,FOR,FR,I551,2017,CY,33674,A,F,NR,
occ_ni,FOR,FR,I551,2017,LV,52337,A,F,NR,
occ_ni,FOR,FR,I551,2017,LT,98880,A,F,NR,
occ_ni,FOR,FR,I551,2017,LU,414550,A,F,NR,
occ_ni,FOR,FR,I551,2017,HU,184250,A,F,NR,
occ_ni,FOR,FR,I551,2017,MT,60476,A,F,NR,
occ_ni,FOR,FR,I551,2017,NL,3316227,A,F,NR,
occ_ni,FOR,FR,I551,2017,AT,488892,A,F,NR,
occ_ni,FOR,FR,I551,2017,PL,709790,A,F,NR,
occ_ni,FOR,FR,I551,2017,PT,822022,A,F,NR,
occ_ni,FOR,FR,I551,2017,RO,444076,A,F,NR,
occ_ni,FOR,FR,I551,2017,SI,61756,A,F,NR,
occ_ni,FOR,FR,I551,2017,SK,108339,A,F,NR,
occ_ni,FOR,FR,I551,2017,FI,290470,A,F,NR,
occ_ni,FOR,FR,I551,2017,SE,723318,A,F,NR,
occ_ni,FOR,FR,I551,2017,UK,10825219,A,F,NR,
occ_ni,FOR,FR,I551,2017,EFTA,3851484,A,F,NR,
occ_ni,FOR,FR,I551,2017,IS,61903,A,F,NR,
occ_ni,FOR,FR,I551,2017,CH_LI,3376018,A,F,NR,
occ_ni,FOR,FR,I551,2017,NO,413564,A,F,NR,
occ_ni,FOR,FR,I551,2017,TR,549076,A,F,NR,
occ_ni,FOR,FR,I551,2017,RU,1414865,A,F,NR,
occ_ni,FOR,FR,I551,2017,UA,0,A,F,NR,
occ_ni,FOR,FR,I551,2017,EUR_OTH,1281211,A,F,NR,
occ_ni,FOR,FR,I551,2017,AFR,1802914,A,F,NR,
occ_ni,FOR,FR,I551,2017,ZA,145196,A,F,NR,
occ_ni,FOR,FR,I551,2017,AFR_OTH,1657718,A,F,NR,
occ_ni,FOR,FR,I551,2017,AME,12929776,A,F,NR,
occ_ni,FOR,FR,I551,2017,AME_N,9844081,A,F,NR,
occ_ni,FOR,FR,I551,2017,CA,1077021,A,F,NR,
occ_ni,FOR,FR,I551,2017,US,8763963,A,F,NR,
occ_ni,FOR,FR,I551,2017,AME_N_OTH,3098,A,F,NR,
occ_ni,FOR,FR,I551,2017,AME_C_S,3085695,A,F,NR,
occ_ni,FOR,FR,I551,2017,BR,1268302,A,F,NR,
occ_ni,FOR,FR,I551,2017,AME_C_S_OTH,1817393,A,F,NR,
occ_ni,FOR,FR,I551,2017,ASI,10994818,A,F,NR,
occ_ni,FOR,FR,I551,2017,CN,3385747,A,F,NR,
occ_ni,FOR,FR,I551,2017,JP,1343614,A,F,NR,
occ_ni,FOR,FR,I551,2017,KR,596932,A,F,NR,
occ_ni,FOR,FR,I551,2017,ASI_OTH,5668526,A,F,NR,
occ_ni,FOR,FR,I551,2017,OCE,918098,A,F,NR,
occ_ni,FOR,FR,I551,2017,AU,918098,A,F,NR,
occ_ni,FOR,FR,I551,2017,OCE_OTH,0,A,F,NR,
occ_ni,FOR,FR,I551,2017,WRL_NAL,36709,A,F,NR,
occ_ni,FOR,FR,I551,2017,WORLD,76426143,A,F,NR,
occ_ni,FOR,FR,I552,2017,EUR,14432200,A,F,NR,
occ_ni,FOR,FR,I552,2017,EU28,12564832,A,F,NR,
occ_ni,FOR,FR,I552,2017,BE,2847078,A,F,NR,
occ_ni,FOR,FR,I552,2017,BG,22198,A,F,NR,
occ_ni,FOR,FR,I552,2017,CZ,88184,A,F,NR,
occ_ni,FOR,FR,I552,2017,DK,195422,A,F,NR,
occ_ni,FOR,FR,I552,2017,DE,1913666,A,F,NR,
occ_ni,FOR,FR,I552,2017,EE,8344,A,F,NR,
occ_ni,FOR,FR,I552,2017,IE,167599,A,F,NR,
occ_ni,FOR,FR,I552,2017,EL,25792,A,F,NR,
occ_ni,FOR,FR,I552,2017,ES,1145882,A,F,NR,
occ_ni,FOR,FR,I552,2017,FR,0,A,F,NR,
occ_ni,FOR,FR,I552,2017,HR,21690,A,F,NR,
occ_ni,FOR,FR,I552,2017,IT,1048575,A,F,NR,
occ_ni,FOR,FR,I552,2017,CY,2889,A,F,NR,
occ_ni,FOR,FR,I552,2017,LV,8977,A,F,NR,
occ_ni,FOR,FR,I552,2017,LT,24288,A,F,NR,
occ_ni,FOR,FR,I552,2017,LU,102198,A,F,NR,
occ_ni,FOR,FR,I552,2017,HU,53782,A,F,NR,
occ_ni,FOR,FR,I552,2017,MT,8131,A,F,NR,
occ_ni,FOR,FR,I552,2017,NL,1465631,A,F,NR,
occ_ni,FOR,FR,I552,2017,AT,82649,A,F,NR,
occ_ni,FOR,FR,I552,2017,PL,220873,A,F,NR,
occ_ni,FOR,FR,I552,2017,PT,263909,A,F,NR,
occ_ni,FOR,FR,I552,2017,RO,138351,A,F,NR,
occ_ni,FOR,FR,I552,2017,SI,41427,A,F,NR,
occ_ni,FOR,FR,I552,2017,SK,38093,A,F,NR,
occ_ni,FOR,FR,I552,2017,FI,50185,A,F,NR,
occ_ni,FOR,FR,I552,2017,SE,260436,A,F,NR,
occ_ni,FOR,FR,I552,2017,UK,2318585,A,F,NR,
occ_ni,FOR,FR,I552,2017,EFTA,1145123,A,F,NR,
occ_ni,FOR,FR,I552,2017,IS,4228,A,F,NR,
occ_ni,FOR,FR,I552,2017,CH_LI,1077994,A,F,NR,
occ_ni,FOR,FR,I552,2017,NO,62901,A,F,NR,
occ_ni,FOR,FR,I552,2017,TR,81349,A,F,NR,
occ_ni,FOR,FR,I552,2017,RU,371988,A,F,NR,
occ_ni,FOR,FR,I552,2017,UA,0,A,F,NR,
occ_ni,FOR,FR,I552,2017,EUR_OTH,268908,A,F,NR,
occ_ni,FOR,FR,I552,2017,AFR,666846,A,F,NR,
occ_ni,FOR,FR,I552,2017,ZA,0,A,F,NR,
occ_ni,FOR,FR,I552,2017,AFR_OTH,666846,A,F,NR,
occ_ni,FOR,FR,I552,2017,AME,980096,A,F,NR,
occ_ni,FOR,FR,I552,2017,AME_N,649303,A,F,NR,
occ_ni,FOR,FR,I552,2017,CA,119576,A,F,NR,
occ_ni,FOR,FR,I552,2017,US,529727,A,F,NR,
occ_ni,FOR,FR,I552,2017,AME_N_OTH,0,A,F,NR,
occ_ni,FOR,FR,I552,2017,AME_C_S,330793,A,F,NR,
occ_ni,FOR,FR,I552,2017,BR,0,A,F,NR,
occ_ni,FOR,FR,I552,2017,AME_C_S_OTH,330793,A,F,NR,
occ_ni,FOR,FR,I552,2017,ASI,2060428,A,F,NR,
occ_ni,FOR,FR,I552,2017,CN,599108,A,F,NR,
occ_ni,FOR,FR,I552,2017,JP,88246,A,F,NR,
occ_ni,FOR,FR,I552,2017,KR,0,A,F,NR,
occ_ni,FOR,FR,I552,2017,ASI_OTH,1373075,A,F,NR,
occ_ni,FOR,FR,I552,2017,OCE,91652,A,F,NR,
occ_ni,FOR,FR,I552,2017,AU,91652,A,F,NR,
occ_ni,FOR,FR,I552,2017,OCE_OTH,0,A,F,NR,
occ_ni,FOR,FR,I552,2017,WRL_NAL,73656,A,F,NR,
occ_ni,FOR,FR,I552,2017,WORLD,18304878,A,F,NR,
occ_ni,FOR,FR,I553,2017,EUR,38639309,A,F,NR,
occ_ni,FOR,FR,I553,2017,EU28,36780631,A,F,NR,
occ_ni,FOR,FR,I553,2017,BE,4896985,A,F,NR,
occ_ni,FOR,FR,I553,2017,BG,8469,A,F,NR,
occ_ni,FOR,FR,I553,2017,CZ,71830,A,F,NR,
occ_ni,FOR,FR,I553,2017,DK,398301,A,F,NR,
occ_ni,FOR,FR,I553,2017,DE,8522228,A,F,NR,
occ_ni,FOR,FR,I553,2017,EE,2762,A,F,NR,
occ_ni,FOR,FR,I553,2017,IE,454435,A,F,NR,
occ_ni,FOR,FR,I553,2017,EL,4042,A,F,NR,
occ_ni,FOR,FR,I553,2017,ES,1516723,A,F,NR,
occ_ni,FOR,FR,I553,2017,FR,0,A,F,NR,
occ_ni,FOR,FR,I553,2017,HR,3072,A,F,NR,
occ_ni,FOR,FR,I553,2017,IT,958054,A,F,NR,
occ_ni,FOR,FR,I553,2017,CY,0,A,F,NR,
occ_ni,FOR,FR,I553,2017,LV,1396,A,F,NR,
occ_ni,FOR,FR,I553,2017,LT,5905,A,F,NR,
occ_ni,FOR,FR,I553,2017,LU,88874,A,F,NR,
occ_ni,FOR,FR,I553,2017,HU,12282,A,F,NR,
occ_ni,FOR,FR,I553,2017,MT,0,A,F,NR,
occ_ni,FOR,FR,I553,2017,NL,13215902,A,F,NR,
occ_ni,FOR,FR,I553,2017,AT,177633,A,F,NR,
occ_ni,FOR,FR,I553,2017,PL,97223,A,F,NR,
occ_ni,FOR,FR,I553,2017,PT,74817,A,F,NR,
occ_ni,FOR,FR,I553,2017,RO,30014,A,F,NR,
occ_ni,FOR,FR,I553,2017,SI,16271,A,F,NR,
occ_ni,FOR,FR,I553,2017,SK,8989,A,F,NR,
occ_ni,FOR,FR,I553,2017,FI,14875,A,F,NR,
occ_ni,FOR,FR,I553,2017,SE,57388,A,F,NR,
occ_ni,FOR,FR,I553,2017,UK,6142161,A,F,NR,
occ_ni,FOR,FR,I553,2017,EFTA,1709453,A,F,NR,
occ_ni,FOR,FR,I553,2017,IS,1504,A,F,NR,
occ_ni,FOR,FR,I553,2017,CH_LI,1683090,A,F,NR,
occ_ni,FOR,FR,I553,2017,NO,24859,A,F,NR,
occ_ni,FOR,FR,I553,2017,TR,1702,A,F,NR,
occ_ni,FOR,FR,I553,2017,RU,30136,A,F,NR,
occ_ni,FOR,FR,I553,2017,UA,0,A,F,NR,
occ_ni,FOR,FR,I553,2017,EUR_OTH,117388,A,F,NR,
occ_ni,FOR,FR,I553,2017,AFR,16034,A,F,NR,
occ_ni,FOR,FR,I553,2017,ZA,0,A,F,NR,
occ_ni,FOR,FR,I553,2017,AFR_OTH,16034,A,F,NR,
occ_ni,FOR,FR,I553,2017,AME,60508,A,F,NR,
occ_ni,FOR,FR,I553,2017,AME_N,49093,A,F,NR,
occ_ni,FOR,FR,I553,2017,CA,18683,A,F,NR,
occ_ni,FOR,FR,I553,2017,US,30410,A,F,NR,
occ_ni,FOR,FR,I553,2017,AME_N_OTH,0,A,F,NR,
occ_ni,FOR,FR,I553,2017,AME_C_S,11415,A,F,NR,
occ_ni,FOR,FR,I553,2017,BR,0,A,F,NR,
occ_ni,FOR,FR,I553,2017,AME_C_S_OTH,11415,A,F,NR,
occ_ni,FOR,FR,I553,2017,ASI,53119,A,F,NR,
occ_ni,FOR,FR,I553,2017,CN,2389,A,F,NR,
occ_ni,FOR,FR,I553,2017,JP,1336,A,F,NR,
occ_ni,FOR,FR,I553,2017,KR,0,A,F,NR,
occ_ni,FOR,FR,I553,2017,ASI_OTH,49395,A,F,NR,
occ_ni,FOR,FR,I553,2017,OCE,0,A,F,NR,
occ_ni,FOR,FR,I553,2017,AU,0,A,F,NR,
occ_ni,FOR,FR,I553,2017,OCE_OTH,0,A,F,NR,
occ_ni,FOR,FR,I553,2017,WRL_NAL,0,A,F,NR,
occ_ni,FOR,FR,I553,2017,WORLD,38768970,A,F,NR,
occ_arr,FOR,FR,I551,2017,EUR,24637614,A,F,NR,
occ_arr,FOR,FR,I551,2017,EU28,21280535,A,F,NR,
occ_arr,FOR,FR,I551,2017,BE,3172801,A,F,NR,
occ_arr,FOR,FR,I551,2017,BG,49148,A,F,NR,
occ_arr,FOR,FR,I551,2017,CZ,144123,A,F,NR,
occ_arr,FOR,FR,I551,2017,DK,248645,A,F,NR,
occ_arr,FOR,FR,I551,2017,DE,3481882,A,F,NR,
occ_arr,FOR,FR,I551,2017,EE,24272,A,F,NR,
occ_arr,FOR,FR,I551,2017,IE,259183,A,F,NR,
occ_arr,FOR,FR,I551,2017,EL,98602,A,F,NR,
occ_arr,FOR,FR,I551,2017,ES,2411478,A,F,NR,
occ_arr,FOR,FR,I551,2017,FR,0,A,F,NR,
occ_arr,FOR,FR,I551,2017,HR,37083,A,F,NR,
occ_arr,FOR,FR,I551,2017,IT,2135281,A,F,NR,
occ_arr,FOR,FR,I551,2017,CY,13266,A,F,NR,
occ_arr,FOR,FR,I551,2017,LV,25394,A,F,NR,
occ_arr,FOR,FR,I551,2017,LT,52237,A,F,NR,
occ_arr,FOR,FR,I551,2017,LU,224313,A,F,NR,
occ_arr,FOR,FR,I551,2017,HU,85231,A,F,NR,
occ_arr,FOR,FR,I551,2017,MT,23586,A,F,NR,
occ_arr,FOR,FR,I551,2017,NL,1896724,A,F,NR,
occ_arr,FOR,FR,I551,2017,AT,223547,A,F,NR,
occ_arr,FOR,FR,I551,2017,PL,365708,A,F,NR,
occ_arr,FOR,FR,I551,2017,PT,402172,A,F,NR,
occ_arr,FOR,FR,I551,2017,RO,214427,A,F,NR,
occ_arr,FOR,FR,I551,2017,SI,30656,A,F,NR,
occ_arr,FOR,FR,I551,2017,SK,52955,A,F,NR,
occ_arr,FOR,FR,I551,2017,FI,126467,A,F,NR,
occ_arr,FOR,FR,I551,2017,SE,311368,A,F,NR,
occ_arr,FOR,FR,I551,2017,UK,5169985,A,F,NR,
occ_arr,FOR,FR,I551,2017,EFTA,1967413,A,F,NR,
occ_arr,FOR,FR,I551,2017,IS,26844,A,F,NR,
occ_arr,FOR,FR,I551,2017,CH_LI,1765320,A,F,NR,
occ_arr,FOR,FR,I551,2017,NO,175249,A,F,NR,
occ_arr,FOR,FR,I551,2017,TR,250460,A,F,NR,
occ_arr,FOR,FR,I551,2017,RU,561695,A,F,NR,
occ_arr,FOR,FR,I551,2017,UA,0,A,F,NR,
occ_arr,FOR,FR,I551,2017,EUR_OTH,577511,A,F,NR,
occ_arr,FOR,FR,I551,2017,AFR,749974,A,F,NR,
occ_arr,FOR,FR,I551,2017,ZA,60191,A,F,NR,
occ_arr,FOR,FR,I551,2017,AFR_OTH,689782,A,F,NR,
occ_arr,FOR,FR,I551,2017,AME,5536139,A,F,NR,
occ_arr,FOR,FR,I551,2017,AME_N,4317873,A,F,NR,
occ_arr,FOR,FR,I551,2017,CA,455315,A,F,NR,
occ_arr,FOR,FR,I551,2017,US,3861427,A,F,NR,
occ_arr,FOR,FR,I551,2017,AME_N_OTH,1131,A,F,NR,
occ_arr,FOR,FR,I551,2017,AME_C_S,1218266,A,F,NR,
occ_arr,FOR,FR,I551,2017,BR,491254,A,F,NR,
occ_arr,FOR,FR,I551,2017,AME_C_S_OTH,727012,A,F,NR,
occ_arr,FOR,FR,I551,2017,ASI,5225620,A,F,NR,
occ_arr,FOR,FR,I551,2017,CN,1827154,A,F,NR,
occ_arr,FOR,FR,I551,2017,JP,605390,A,F,NR,
occ_arr,FOR,FR,I551,2017,KR,305524,A,F,NR,
occ_arr,FOR,FR,I551,2017,ASI_OTH,2487551,A,F,NR,
occ_arr,FOR,FR,I551,2017,OCE,398262,A,F,NR,
occ_arr,FOR,FR,I551,2017,AU,398262,A,F,NR,
occ_arr,FOR,FR,I551,2017,OCE_OTH,0,A,F,NR,
occ_arr,FOR,FR,I551,2017,WRL_NAL,11244,A,F,NR,
occ_arr,FOR,FR,I551,2017,WORLD,36551851,A,F,NR,
occ_arr,FOR,FR,I552,2017,EUR,3367405,A,F,NR,
occ_arr,FOR,FR,I552,2017,EU28,2911015,A,F,NR,
occ_arr,FOR,FR,I552,2017,BE,593341,A,F,NR,
occ_arr,FOR,FR,I552,2017,BG,5798,A,F,NR,
occ_arr,FOR,FR,I552,2017,CZ,20426,A,F,NR,
occ_arr,FOR,FR,I552,2017,DK,40790,A,F,NR,
occ_arr,FOR,FR,I552,2017,DE,494391,A,F,NR,
occ_arr,FOR,FR,I552,2017,EE,1916,A,F,NR,
occ_arr,FOR,FR,I552,2017,IE,32845,A,F,NR,
occ_arr,FOR,FR,I552,2017,EL,7457,A,F,NR,
occ_arr,FOR,FR,I552,2017,ES,340967,A,F,NR,
occ_arr,FOR,FR,I552,2017,FR,0,A,F,NR,
occ_arr,FOR,FR,I552,2017,HR,5027,A,F,NR,
occ_arr,FOR,FR,I552,2017,IT,246492,A,F,NR,
occ_arr,FOR,FR,I552,2017,CY,828,A,F,NR,
occ_arr,FOR,FR,I552,2017,LV,2191,A,F,NR,
occ_arr,FOR,FR,I552,2017,LT,5347,A,F,NR,
occ_arr,FOR,FR,I552,2017,LU,26396,A,F,NR,
occ_arr,FOR,FR,I552,2017,HU,12502,A,F,NR,
occ_arr,FOR,FR,I552,2017,MT,1909,A,F,NR,
occ_arr,FOR,FR,I552,2017,NL,324055,A,F,NR,
occ_arr,FOR,FR,I552,2017,AT,20362,A,F,NR,
occ_arr,FOR,FR,I552,2017,PL,50100,A,F,NR,
occ_arr,FOR,FR,I552,2017,PT,53086,A,F,NR,
occ_arr,FOR,FR,I552,2017,RO,31793,A,F,NR,
occ_arr,FOR,FR,I552,2017,SI,7789,A,F,NR,
occ_arr,FOR,FR,I552,2017,SK,8189,A,F,NR,
occ_arr,FOR,FR,I552,2017,FI,11770,A,F,NR,
occ_arr,FOR,FR,I552,2017,SE,53165,A,F,NR,
occ_arr,FOR,FR,I552,2017,UK,512082,A,F,NR,
occ_arr,FOR,FR,I552,2017,EFTA,282988,A,F,NR,
occ_arr,FOR,FR,I552,2017,IS,1139,A,F,NR,
occ_arr,FOR,FR,I552,2017,CH_LI,266680,A,F,NR,
occ_arr,FOR,FR,I552,2017,NO,15169,A,F,NR,
occ_arr,FOR,FR,I552,2017,TR,19540,A,F,NR,
occ_arr,FOR,FR,I552,2017,RU,81882,A,F,NR,
occ_arr,FOR,FR,I552,2017,UA,0,A,F,NR,
occ_arr,FOR,FR,I552,2017,EUR_OTH,71980,A,F,NR,
occ_arr,FOR,FR,I552,2017,AFR,153712,A,F,NR,
occ_arr,FOR,FR,I552,2017,ZA,0,A,F,NR,
occ_arr,FOR,FR,I552,2017,AFR_OTH,153712,A,F,NR,
occ_arr,FOR,FR,I552,2017,AME,252056,A,F,NR,
occ_arr,FOR,FR,I552,2017,AME_N,172471,A,F,NR,
occ_arr,FOR,FR,I552,2017,CA,32065,A,F,NR,
occ_arr,FOR,FR,I552,2017,US,140406,A,F,NR,
occ_arr,FOR,FR,I552,2017,AME_N_OTH,0,A,F,NR,
occ_arr,FOR,FR,I552,2017,AME_C_S,79585,A,F,NR,
occ_arr,FOR,FR,I552,2017,BR,0,A,F,NR,
occ_arr,FOR,FR,I552,2017,AME_C_S_OTH,79585,A,F,NR,
occ_arr,FOR,FR,I552,2017,ASI,580032,A,F,NR,
occ_arr,FOR,FR,I552,2017,CN,213646,A,F,NR,
occ_arr,FOR,FR,I552,2017,JP,27434,A,F,NR,
occ_arr,FOR,FR,I552,2017,KR,0,A,F,NR,
occ_arr,FOR,FR,I552,2017,ASI_OTH,338952,A,F,NR,
occ_arr,FOR,FR,I552,2017,OCE,25107,A,F,NR,
occ_arr,FOR,FR,I552,2017,AU,25107,A,F,NR,
occ_arr,FOR,FR,I552,2017,OCE_OTH,0,A,F,NR,
occ_arr,FOR,FR,I552,2017,WRL_NAL,17119,A,F,NR,
occ_arr,FOR,FR,I552,2017,WORLD,4395431,A,F,NR,
occ_arr,FOR,FR,I553,2017,EUR,7919476,A,F,NR,
occ_arr,FOR,FR,I553,2017,EU28,7487016,A,F,NR,
occ_arr,FOR,FR,I553,2017,BE,863613,A,F,NR,
occ_arr,FOR,FR,I553,2017,BG,1374,A,F,NR,
occ_arr,FOR,FR,I553,2017,CZ,22394,A,F,NR,
occ_arr,FOR,FR,I553,2017,DK,82261,A,F,NR,
occ_arr,FOR,FR,I553,2017,DE,1868548,A,F,NR,
occ_arr,FOR,FR,I553,2017,EE,690,A,F,NR,
occ_arr,FOR,FR,I553,2017,IE,81806,A,F,NR,
occ_arr,FOR,FR,I553,2017,EL,1004,A,F,NR,
occ_arr,FOR,FR,I553,2017,ES,377167,A,F,NR,
occ_arr,FOR,FR,I553,2017,FR,0,A,F,NR,
occ_arr,FOR,FR,I553,2017,HR,605,A,F,NR,
occ_arr,FOR,FR,I553,2017,IT,242962,A,F,NR,
occ_arr,FOR,FR,I553,2017,CY,0,A,F,NR,
occ_arr,FOR,FR,I553,2017,LV,568,A,F,NR,
occ_arr,FOR,FR,I553,2017,LT,1758,A,F,NR,
occ_arr,FOR,FR,I553,2017,LU,17413,A,F,NR,
occ_arr,FOR,FR,I553,2017,HU,2942,A,F,NR,
occ_arr,FOR,FR,I553,2017,MT,0,A,F,NR,
occ_arr,FOR,FR,I553,2017,NL,2450392,A,F,NR,
occ_arr,FOR,FR,I553,2017,AT,50127,A,F,NR,
occ_arr,FOR,FR,I553,2017,PL,21159,A,F,NR,
occ_arr,FOR,FR,I553,2017,PT,14894,A,F,NR,
occ_arr,FOR,FR,I553,2017,RO,6655,A,F,NR,
occ_arr,FOR,FR,I553,2017,SI,5133,A,F,NR,
occ_arr,FOR,FR,I553,2017,SK,2524,A,F,NR,
occ_arr,FOR,FR,I553,2017,FI,4908,A,F,NR,
occ_arr,FOR,FR,I553,2017,SE,19419,A,F,NR,
occ_arr,FOR,FR,I553,2017,UK,1346701,A,F,NR,
occ_arr,FOR,FR,I553,2017,EFTA,390301,A,F,NR,
occ_arr,FOR,FR,I553,2017,IS,428,A,F,NR,
occ_arr,FOR,FR,I553,2017,CH_LI,382639,A,F,NR,
occ_arr,FOR,FR,I553,2017,NO,7233,A,F,NR,
occ_arr,FOR,FR,I553,2017,TR,592,A,F,NR,
occ_arr,FOR,FR,I553,2017,RU,8040,A,F,NR,
occ_arr,FOR,FR,I553,2017,UA,0,A,F,NR,
occ_arr,FOR,FR,I553,2017,EUR_OTH,33527,A,F,NR,
occ_arr,FOR,FR,I553,2017,AFR,3552,A,F,NR,
occ_arr,FOR,FR,I553,2017,ZA,0,A,F,NR,
occ_arr,FOR,FR,I553,2017,AFR_OTH,3552,A,F,NR,
occ_arr,FOR,FR,I553,2017,AME,22758,A,F,NR,
occ_arr,FOR,FR,I553,2017,AME_N,18663,A,F,NR,
occ_arr,FOR,FR,I553,2017,CA,6905,A,F,NR,
occ_arr,FOR,FR,I553,2017,US,11757,A,F,NR,
occ_arr,FOR,FR,I553,2017,AME_N_OTH,0,A,F,NR,
occ_arr,FOR,FR,I553,2017,AME_C_S,4095,A,F,NR,
occ_arr,FOR,FR,I553,2017,BR,0,A,F,NR,
occ_arr,FOR,FR,I553,2017,AME_C_S_OTH,4095,A,F,NR,
occ_arr,FOR,FR,I553,2017,ASI,19305,A,F,NR,
occ_arr,FOR,FR,I553,2017,CN,911,A,F,NR,
occ_arr,FOR,FR,I553,2017,JP,586,A,F,NR,
occ_arr,FOR,FR,I553,2017,KR,0,A,F,NR,
occ_arr,FOR,FR,I553,2017,ASI_OTH,17809,A,F,NR,
occ_arr,FOR,FR,I553,2017,OCE,0,A,F,NR,
occ_arr,FOR,FR,I553,2017,AU,0,A,F,NR,
occ_arr,FOR,FR,I553,2017,OCE_OTH,0,A,F,NR,
occ_arr,FOR,FR,I553,2017,WRL_NAL,0,A,F,NR,
occ_arr,FOR,FR,I553,2017,WORLD,7965092,A,F,NR,
