MEASURE,C_RESID,NUTS,NACE_R2,TIME_PERIOD,DEGURBA,OBS_VALUE,OBS_STATUS,CONF_STATUS,UNIT,UNIT_MULT
occ_ni,FOR,FR,I551TOI553,2015,DEG1,59330524,A,F,NR,
occ_ni,FOR,FR1,I551TOI553,2015,DEG1,34380641,A,F,NR,
occ_ni,FOR,FR10,I551TOI553,2015,DEG1,34380641,A,F,NR,
occ_ni,FOR,FR2,I551TOI553,2015,DEG1,3108994,A,F,NR,
occ_ni,FOR,FR21,I551TOI553,2015,DEG1,538147,A,F,NR,
occ_ni,FOR,FR22,I551TOI553,2015,DEG1,279488,A,F,NR,
occ_ni,FOR,FR23,I551TOI553,2015,DEG1,434206,A,F,NR,
occ_ni,FOR,FR24,I551TOI553,2015,DEG1,837077,A,F,NR,
occ_ni,FOR,FR25,I551TOI553,2015,DEG1,348429,A,F,NR,
occ_ni,FOR,FR26,I551TOI553,2015,DEG1,671648,A,F,NR,
occ_ni,FOR,FR3,I551TOI553,2015,DEG1,1430853,A,F,NR,
occ_ni,FOR,FR30,I551TOI553,2015,DEG1,1430853,A,F,NR,
occ_ni,FOR,FR4,I551TOI553,2015,DEG1,2728341,A,F,NR,
occ_ni,FOR,FR41,I551TOI553,2015,DEG1,428135,A,F,NR,
occ_ni,FOR,FR42,I551TOI553,2015,DEG1,2049905,A,F,NR,
occ_ni,FOR,FR43,I551TOI553,2015,DEG1,250302,A,F,NR,
occ_ni,FOR,FR5,I551TOI553,2015,DEG1,1812682,A,F,NR,
occ_ni,FOR,FR51,I551TOI553,2015,DEG1,658989,A,F,NR,
occ_ni,FOR,FR52,I551TOI553,2015,DEG1,695980,A,F,NR,
occ_ni,FOR,FR53,I551TOI553,2015,DEG1,457712,A,F,NR,
occ_ni,FOR,FR6,I551TOI553,2015,DEG1,2576080,A,F,NR,
occ_ni,FOR,FR61,I551TOI553,2015,DEG1,1515870,A,F,NR,
occ_ni,FOR,FR62,I551TOI553,2015,DEG1,936187,A,F,NR,
occ_ni,FOR,FR63,I551TOI553,2015,DEG1,124023,A,F,NR,
occ_ni,FOR,FR7,I551TOI553,2015,DEG1,2422200,A,F,NR,
occ_ni,FOR,FR71,I551TOI553,2015,DEG1,2233203,A,F,NR,
occ_ni,FOR,FR72,I551TOI553,2015,DEG1,188998,A,F,NR,
occ_ni,FOR,FR8,I551TOI553,2015,DEG1,10820551,A,F,NR,
occ_ni,FOR,FR81,I551TOI553,2015,DEG1,2161508,A,F,NR,
occ_ni,FOR,FR82,I551TOI553,2015,DEG1,8555031,A,F,NR,
occ_ni,FOR,FR83,I551TOI553,2015,DEG1,104012,A,F,NR,
occ_ni,FOR,FRA,I551TOI553,2015,DEG1,50182,A,F,NR,
occ_ni,FOR,FRA1,I551TOI553,2015,DEG1,0,A,F,NR,
occ_ni,FOR,FRA2,I551TOI553,2015,DEG1,19545,A,F,NR,
occ_ni,FOR,FRA3,I551TOI553,2015,DEG1,0,A,F,NR,
occ_ni,FOR,FRA4,I551TOI553,2015,DEG1,30637,A,F,NR,
occ_ni,FOR,FRA5,I551TOI553,2015,DEG1,0,A,F,NR,
occ_ni,FOR,FR,I551TOI553,2015,DEG2,28541121,A,F,NR,
occ_ni,FOR,FR1,I551TOI553,2015,DEG2,6754234,A,F,NR,
occ_ni,FOR,FR10,I551TOI553,2015,DEG2,6754234,A,F,NR,
occ_ni,FOR,FR2,I551TOI553,2015,DEG2,2958301,A,F,NR,
occ_ni,FOR,FR21,I551TOI553,2015,DEG2,223880,A,F,NR,
occ_ni,FOR,FR22,I551TOI553,2015,DEG2,265467,A,F,NR,
occ_ni,FOR,FR23,I551TOI553,2015,DEG2,215879,A,F,NR,
occ_ni,FOR,FR24,I551TOI553,2015,DEG2,592709,A,F,NR,
occ_ni,FOR,FR25,I551TOI553,2015,DEG2,853673,A,F,NR,
occ_ni,FOR,FR26,I551TOI553,2015,DEG2,806694,A,F,NR,
occ_ni,FOR,FR3,I551TOI553,2015,DEG2,291396,A,F,NR,
occ_ni,FOR,FR30,I551TOI553,2015,DEG2,291396,A,F,NR,
occ_ni,FOR,FR4,I551TOI553,2015,DEG2,1288022,A,F,NR,
occ_ni,FOR,FR41,I551TOI553,2015,DEG2,554386,A,F,NR,
occ_ni,FOR,FR42,I551TOI553,2015,DEG2,594351,A,F,NR,
occ_ni,FOR,FR43,I551TOI553,2015,DEG2,139285,A,F,NR,
occ_ni,FOR,FR5,I551TOI553,2015,DEG2,2154217,A,F,NR,
occ_ni,FOR,FR51,I551TOI553,2015,DEG2,838735,A,F,NR,
occ_ni,FOR,FR52,I551TOI553,2015,DEG2,1053411,A,F,NR,
occ_ni,FOR,FR53,I551TOI553,2015,DEG2,262070,A,F,NR,
occ_ni,FOR,FR6,I551TOI553,2015,DEG2,3038723,A,F,NR,
occ_ni,FOR,FR61,I551TOI553,2015,DEG2,1209644,A,F,NR,
occ_ni,FOR,FR62,I551TOI553,2015,DEG2,1809999,A,F,NR,
occ_ni,FOR,FR63,I551TOI553,2015,DEG2,19080,A,F,NR,
occ_ni,FOR,FR7,I551TOI553,2015,DEG2,3071530,A,F,NR,
occ_ni,FOR,FR71,I551TOI553,2015,DEG2,2898784,A,F,NR,
occ_ni,FOR,FR72,I551TOI553,2015,DEG2,172746,A,F,NR,
occ_ni,FOR,FR8,I551TOI553,2015,DEG2,8744058,A,F,NR,
occ_ni,FOR,FR81,I551TOI553,2015,DEG2,2822578,A,F,NR,
occ_ni,FOR,FR82,I551TOI553,2015,DEG2,5396575,A,F,NR,
occ_ni,FOR,FR83,I551TOI553,2015,DEG2,524905,A,F,NR,
occ_ni,FOR,FRA,I551TOI553,2015,DEG2,240642,A,F,NR,
occ_ni,FOR,FRA1,I551TOI553,2015,DEG2,70509,A,F,NR,
occ_ni,FOR,FRA2,I551TOI553,2015,DEG2,16654,A,F,NR,
occ_ni,FOR,FRA3,I551TOI553,2015,DEG2,58857,A,F,NR,
occ_ni,FOR,FRA4,I551TOI553,2015,DEG2,94622,A,F,NR,
occ_ni,FOR,FRA5,I551TOI553,2015,DEG2,0,A,F,NR,
occ_ni,FOR,FR,I551TOI553,2015,DEG3,42593352,A,F,NR,
occ_ni,FOR,FR1,I551TOI553,2015,DEG3,2081365,A,F,NR,
occ_ni,FOR,FR10,I551TOI553,2015,DEG3,2081365,A,F,NR,
occ_ni,FOR,FR2,I551TOI553,2015,DEG3,5106991,A,F,NR,
occ_ni,FOR,FR21,I551TOI553,2015,DEG3,489958,A,F,NR,
occ_ni,FOR,FR22,I551TOI553,2015,DEG3,884470,A,F,NR,
occ_ni,FOR,FR23,I551TOI553,2015,DEG3,387191,A,F,NR,
occ_ni,FOR,FR24,I551TOI553,2015,DEG3,930046,A,F,NR,
occ_ni,FOR,FR25,I551TOI553,2015,DEG3,1350460,A,F,NR,
occ_ni,FOR,FR26,I551TOI553,2015,DEG3,1064866,A,F,NR,
occ_ni,FOR,FR3,I551TOI553,2015,DEG3,483098,A,F,NR,
occ_ni,FOR,FR30,I551TOI553,2015,DEG3,483098,A,F,NR,
occ_ni,FOR,FR4,I551TOI553,2015,DEG3,2671663,A,F,NR,
occ_ni,FOR,FR41,I551TOI553,2015,DEG3,952295,A,F,NR,
occ_ni,FOR,FR42,I551TOI553,2015,DEG3,995398,A,F,NR,
occ_ni,FOR,FR43,I551TOI553,2015,DEG3,723969,A,F,NR,
occ_ni,FOR,FR5,I551TOI553,2015,DEG3,5576126,A,F,NR,
occ_ni,FOR,FR51,I551TOI553,2015,DEG3,1784974,A,F,NR,
occ_ni,FOR,FR52,I551TOI553,2015,DEG3,2489573,A,F,NR,
occ_ni,FOR,FR53,I551TOI553,2015,DEG3,1301579,A,F,NR,
occ_ni,FOR,FR6,I551TOI553,2015,DEG3,6737326,A,F,NR,
occ_ni,FOR,FR61,I551TOI553,2015,DEG3,4899174,A,F,NR,
occ_ni,FOR,FR62,I551TOI553,2015,DEG3,1543554,A,F,NR,
occ_ni,FOR,FR63,I551TOI553,2015,DEG3,294598,A,F,NR,
occ_ni,FOR,FR7,I551TOI553,2015,DEG3,9619990,A,F,NR,
occ_ni,FOR,FR71,I551TOI553,2015,DEG3,9117751,A,F,NR,
occ_ni,FOR,FR72,I551TOI553,2015,DEG3,502239,A,F,NR,
occ_ni,FOR,FR8,I551TOI553,2015,DEG3,9928080,A,F,NR,
occ_ni,FOR,FR81,I551TOI553,2015,DEG3,2978757,A,F,NR,
occ_ni,FOR,FR82,I551TOI553,2015,DEG3,4720821,A,F,NR,
occ_ni,FOR,FR83,I551TOI553,2015,DEG3,2228502,A,F,NR,
occ_ni,FOR,FRA,I551TOI553,2015,DEG3,388714,A,F,NR,
occ_ni,FOR,FRA1,I551TOI553,2015,DEG3,93917,A,F,NR,
occ_ni,FOR,FRA2,I551TOI553,2015,DEG3,264714,A,F,NR,
occ_ni,FOR,FRA3,I551TOI553,2015,DEG3,10396,A,F,NR,
occ_ni,FOR,FRA4,I551TOI553,2015,DEG3,19687,A,F,NR,
occ_ni,FOR,FRA5,I551TOI553,2015,DEG3,0,A,F,NR,
occ_ni,FOR,FR,I551,2015,DEG1,48196373,A,F,NR,
occ_ni,FOR,FR,I551,2015,DEG2,16709122,A,F,NR,
occ_ni,FOR,FR,I551,2015,DEG3,9551432,A,F,NR,
occ_ni,FOR,FR,I552,2015,DEG1,6929926,A,F,NR,
occ_ni,FOR,FR,I552,2015,DEG2,4392307,A,F,NR,
occ_ni,FOR,FR,I552,2015,DEG3,8641508,A,F,NR,
occ_ni,FOR,FR,I553,2015,DEG1,4204226,A,F,NR,
occ_ni,FOR,FR,I553,2015,DEG2,7439692,A,F,NR,
occ_ni,FOR,FR,I553,2015,DEG3,24400412,A,F,NR,
occ_ni,NAT,FR,I551TOI553,2015,DEG1,96136568,A,F,NR,
occ_ni,NAT,FR1,I551TOI553,2015,DEG1,26218934,A,F,NR,
occ_ni,NAT,FR10,I551TOI553,2015,DEG1,26218934,A,F,NR,
occ_ni,NAT,FR2,I551TOI553,2015,DEG1,8487599,A,F,NR,
occ_ni,NAT,FR21,I551TOI553,2015,DEG1,1329989,A,F,NR,
occ_ni,NAT,FR22,I551TOI553,2015,DEG1,1037808,A,F,NR,
occ_ni,NAT,FR23,I551TOI553,2015,DEG1,1302368,A,F,NR,
occ_ni,NAT,FR24,I551TOI553,2015,DEG1,2591918,A,F,NR,
occ_ni,NAT,FR25,I551TOI553,2015,DEG1,1012528,A,F,NR,
occ_ni,NAT,FR26,I551TOI553,2015,DEG1,1212987,A,F,NR,
occ_ni,NAT,FR3,I551TOI553,2015,DEG1,4042461,A,F,NR,
occ_ni,NAT,FR30,I551TOI553,2015,DEG1,4042461,A,F,NR,
occ_ni,NAT,FR4,I551TOI553,2015,DEG1,5040957,A,F,NR,
occ_ni,NAT,FR41,I551TOI553,2015,DEG1,1207925,A,F,NR,
occ_ni,NAT,FR42,I551TOI553,2015,DEG1,2970981,A,F,NR,
occ_ni,NAT,FR43,I551TOI553,2015,DEG1,862052,A,F,NR,
occ_ni,NAT,FR5,I551TOI553,2015,DEG1,11229103,A,F,NR,
occ_ni,NAT,FR51,I551TOI553,2015,DEG1,4137506,A,F,NR,
occ_ni,NAT,FR52,I551TOI553,2015,DEG1,4140084,A,F,NR,
occ_ni,NAT,FR53,I551TOI553,2015,DEG1,2951512,A,F,NR,
occ_ni,NAT,FR6,I551TOI553,2015,DEG1,9105024,A,F,NR,
occ_ni,NAT,FR61,I551TOI553,2015,DEG1,5499145,A,F,NR,
occ_ni,NAT,FR62,I551TOI553,2015,DEG1,2771166,A,F,NR,
occ_ni,NAT,FR63,I551TOI553,2015,DEG1,834714,A,F,NR,
occ_ni,NAT,FR7,I551TOI553,2015,DEG1,8737564,A,F,NR,
occ_ni,NAT,FR71,I551TOI553,2015,DEG1,7607531,A,F,NR,
occ_ni,NAT,FR72,I551TOI553,2015,DEG1,1130033,A,F,NR,
occ_ni,NAT,FR8,I551TOI553,2015,DEG1,22983685,A,F,NR,
occ_ni,NAT,FR81,I551TOI553,2015,DEG1,6501616,A,F,NR,
occ_ni,NAT,FR82,I551TOI553,2015,DEG1,15938074,A,F,NR,
occ_ni,NAT,FR83,I551TOI553,2015,DEG1,543995,A,F,NR,
occ_ni,NAT,FRA,I551TOI553,2015,DEG1,291240,A,F,NR,
occ_ni,NAT,FRA1,I551TOI553,2015,DEG1,0,A,F,NR,
occ_ni,NAT,FRA2,I551TOI553,2015,DEG1,112055,A,F,NR,
occ_ni,NAT,FRA3,I551TOI553,2015,DEG1,0,A,F,NR,
occ_ni,NAT,FRA4,I551TOI553,2015,DEG1,179185,A,F,NR,
occ_ni,NAT,FRA5,I551TOI553,2015,DEG1,0,A,F,NR,
occ_ni,NAT,FR,I551TOI553,2015,DEG2,68139132,A,F,NR,
occ_ni,NAT,FR1,I551TOI553,2015,DEG2,5286560,A,F,NR,
occ_ni,NAT,FR10,I551TOI553,2015,DEG2,5286560,A,F,NR,
occ_ni,NAT,FR2,I551TOI553,2015,DEG2,7509967,A,F,NR,
occ_ni,NAT,FR21,I551TOI553,2015,DEG2,539523,A,F,NR,
occ_ni,NAT,FR22,I551TOI553,2015,DEG2,840464,A,F,NR,
occ_ni,NAT,FR23,I551TOI553,2015,DEG2,687336,A,F,NR,
occ_ni,NAT,FR24,I551TOI553,2015,DEG2,1608607,A,F,NR,
occ_ni,NAT,FR25,I551TOI553,2015,DEG2,2513157,A,F,NR,
occ_ni,NAT,FR26,I551TOI553,2015,DEG2,1320880,A,F,NR,
occ_ni,NAT,FR3,I551TOI553,2015,DEG2,932663,A,F,NR,
occ_ni,NAT,FR30,I551TOI553,2015,DEG2,932663,A,F,NR,
occ_ni,NAT,FR4,I551TOI553,2015,DEG2,3248609,A,F,NR,
occ_ni,NAT,FR41,I551TOI553,2015,DEG2,1829410,A,F,NR,
occ_ni,NAT,FR42,I551TOI553,2015,DEG2,911677,A,F,NR,
occ_ni,NAT,FR43,I551TOI553,2015,DEG2,507522,A,F,NR,
occ_ni,NAT,FR5,I551TOI553,2015,DEG2,11598926,A,F,NR,
occ_ni,NAT,FR51,I551TOI553,2015,DEG2,5654650,A,F,NR,
occ_ni,NAT,FR52,I551TOI553,2015,DEG2,4131706,A,F,NR,
occ_ni,NAT,FR53,I551TOI553,2015,DEG2,1812570,A,F,NR,
occ_ni,NAT,FR6,I551TOI553,2015,DEG2,8829132,A,F,NR,
occ_ni,NAT,FR61,I551TOI553,2015,DEG2,5578415,A,F,NR,
occ_ni,NAT,FR62,I551TOI553,2015,DEG2,3107743,A,F,NR,
occ_ni,NAT,FR63,I551TOI553,2015,DEG2,142973,A,F,NR,
occ_ni,NAT,FR7,I551TOI553,2015,DEG2,8089540,A,F,NR,
occ_ni,NAT,FR71,I551TOI553,2015,DEG2,6851677,A,F,NR,
occ_ni,NAT,FR72,I551TOI553,2015,DEG2,1237863,A,F,NR,
occ_ni,NAT,FR8,I551TOI553,2015,DEG2,21271176,A,F,NR,
occ_ni,NAT,FR81,I551TOI553,2015,DEG2,10643303,A,F,NR,
occ_ni,NAT,FR82,I551TOI553,2015,DEG2,9518452,A,F,NR,
occ_ni,NAT,FR83,I551TOI553,2015,DEG2,1109421,A,F,NR,
occ_ni,NAT,FRA,I551TOI553,2015,DEG2,1372559,A,F,NR,
occ_ni,NAT,FRA1,I551TOI553,2015,DEG2,474283,A,F,NR,
occ_ni,NAT,FRA2,I551TOI553,2015,DEG2,68219,A,F,NR,
occ_ni,NAT,FRA3,I551TOI553,2015,DEG2,246587,A,F,NR,
occ_ni,NAT,FRA4,I551TOI553,2015,DEG2,583470,A,F,NR,
occ_ni,NAT,FRA5,I551TOI553,2015,DEG2,0,A,F,NR,
occ_ni,NAT,FR,I551TOI553,2015,DEG3,115312190,A,F,NR,
occ_ni,NAT,FR1,I551TOI553,2015,DEG3,2089169,A,F,NR,
occ_ni,NAT,FR10,I551TOI553,2015,DEG3,2089169,A,F,NR,
occ_ni,NAT,FR2,I551TOI553,2015,DEG3,11711534,A,F,NR,
occ_ni,NAT,FR21,I551TOI553,2015,DEG3,732188,A,F,NR,
occ_ni,NAT,FR22,I551TOI553,2015,DEG3,1893932,A,F,NR,
occ_ni,NAT,FR23,I551TOI553,2015,DEG3,1937638,A,F,NR,
occ_ni,NAT,FR24,I551TOI553,2015,DEG3,2731396,A,F,NR,
occ_ni,NAT,FR25,I551TOI553,2015,DEG3,2728584,A,F,NR,
occ_ni,NAT,FR26,I551TOI553,2015,DEG3,1687795,A,F,NR,
occ_ni,NAT,FR3,I551TOI553,2015,DEG3,792300,A,F,NR,
occ_ni,NAT,FR30,I551TOI553,2015,DEG3,792300,A,F,NR,
occ_ni,NAT,FR4,I551TOI553,2015,DEG3,4553615,A,F,NR,
occ_ni,NAT,FR41,I551TOI553,2015,DEG3,1573491,A,F,NR,
occ_ni,NAT,FR42,I551TOI553,2015,DEG3,1490796,A,F,NR,
occ_ni,NAT,FR43,I551TOI553,2015,DEG3,1489328,A,F,NR,
occ_ni,NAT,FR5,I551TOI553,2015,DEG3,25271766,A,F,NR,
occ_ni,NAT,FR51,I551TOI553,2015,DEG3,8398786,A,F,NR,
occ_ni,NAT,FR52,I551TOI553,2015,DEG3,9390346,A,F,NR,
occ_ni,NAT,FR53,I551TOI553,2015,DEG3,7482634,A,F,NR,
occ_ni,NAT,FR6,I551TOI553,2015,DEG3,21622333,A,F,NR,
occ_ni,NAT,FR61,I551TOI553,2015,DEG3,13558117,A,F,NR,
occ_ni,NAT,FR62,I551TOI553,2015,DEG3,6959945,A,F,NR,
occ_ni,NAT,FR63,I551TOI553,2015,DEG3,1104271,A,F,NR,
occ_ni,NAT,FR7,I551TOI553,2015,DEG3,23314206,A,F,NR,
occ_ni,NAT,FR71,I551TOI553,2015,DEG3,19962023,A,F,NR,
occ_ni,NAT,FR72,I551TOI553,2015,DEG3,3352182,A,F,NR,
occ_ni,NAT,FR8,I551TOI553,2015,DEG3,24614939,A,F,NR,
occ_ni,NAT,FR81,I551TOI553,2015,DEG3,8935890,A,F,NR,
occ_ni,NAT,FR82,I551TOI553,2015,DEG3,10436229,A,F,NR,
occ_ni,NAT,FR83,I551TOI553,2015,DEG3,5242820,A,F,NR,
occ_ni,NAT,FRA,I551TOI553,2015,DEG3,1342329,A,F,NR,
occ_ni,NAT,FRA1,I551TOI553,2015,DEG3,352007,A,F,NR,
occ_ni,NAT,FRA2,I551TOI553,2015,DEG3,828815,A,F,NR,
occ_ni,NAT,FRA3,I551TOI553,2015,DEG3,38311,A,F,NR,
occ_ni,NAT,FRA4,I551TOI553,2015,DEG3,123195,A,F,NR,
occ_ni,NAT,FRA5,I551TOI553,2015,DEG3,0,A,F,NR,
occ_ni,NAT,FR,I552,2015,DEG1,19347191,A,F,NR,
occ_ni,NAT,FR,I552,2015,DEG2,14685600,A,F,NR,
occ_ni,NAT,FR,I552,2015,DEG3,37513893,A,F,NR,
occ_ni,NAT,FR,I553,2015,DEG1,8122989,A,F,NR,
occ_ni,NAT,FR,I553,2015,DEG2,18214316,A,F,NR,
occ_ni,NAT,FR,I553,2015,DEG3,50493996,A,F,NR,
occ_ni,NAT,FR,I551TOI553,2016,DEG1,97208832,A,F,NR,
occ_ni,NAT,FR1,I551TOI553,2016,DEG1,25566513,A,F,NR,
occ_ni,NAT,FR10,I551TOI553,2016,DEG1,25566513,A,F,NR,
occ_ni,NAT,FR2,I551TOI553,2016,DEG1,8918319,A,F,NR,
occ_ni,NAT,FR21,I551TOI553,2016,DEG1,1305918,A,F,NR,
occ_ni,NAT,FR22,I551TOI553,2016,DEG1,1029508,A,F,NR,
occ_ni,NAT,FR23,I551TOI553,2016,DEG1,1406423,A,F,NR,
occ_ni,NAT,FR24,I551TOI553,2016,DEG1,2766137,A,F,NR,
occ_ni,NAT,FR25,I551TOI553,2016,DEG1,1055228,A,F,NR,
occ_ni,NAT,FR26,I551TOI553,2016,DEG1,1355105,A,F,NR,
occ_ni,NAT,FR3,I551TOI553,2016,DEG1,4195761,A,F,NR,
occ_ni,NAT,FR30,I551TOI553,2016,DEG1,4195761,A,F,NR,
occ_ni,NAT,FR4,I551TOI553,2016,DEG1,5266107,A,F,NR,
occ_ni,NAT,FR41,I551TOI553,2016,DEG1,1260196,A,F,NR,
occ_ni,NAT,FR42,I551TOI553,2016,DEG1,3139731,A,F,NR,
occ_ni,NAT,FR43,I551TOI553,2016,DEG1,866179,A,F,NR,
occ_ni,NAT,FR5,I551TOI553,2016,DEG1,11742064,A,F,NR,
occ_ni,NAT,FR51,I551TOI553,2016,DEG1,4427317,A,F,NR,
occ_ni,NAT,FR52,I551TOI553,2016,DEG1,4245111,A,F,NR,
occ_ni,NAT,FR53,I551TOI553,2016,DEG1,3069636,A,F,NR,
occ_ni,NAT,FR6,I551TOI553,2016,DEG1,9512836,A,F,NR,
occ_ni,NAT,FR61,I551TOI553,2016,DEG1,5734078,A,F,NR,
occ_ni,NAT,FR62,I551TOI553,2016,DEG1,2909830,A,F,NR,
occ_ni,NAT,FR63,I551TOI553,2016,DEG1,868927,A,F,NR,
occ_ni,NAT,FR7,I551TOI553,2016,DEG1,9210130,A,F,NR,
occ_ni,NAT,FR71,I551TOI553,2016,DEG1,8044802,A,F,NR,
occ_ni,NAT,FR72,I551TOI553,2016,DEG1,1165328,A,F,NR,
occ_ni,NAT,FR8,I551TOI553,2016,DEG1,22451137,A,F,NR,
occ_ni,NAT,FR81,I551TOI553,2016,DEG1,6600930,A,F,NR,
occ_ni,NAT,FR82,I551TOI553,2016,DEG1,15313364,A,F,NR,
occ_ni,NAT,FR83,I551TOI553,2016,DEG1,536844,U,N,NR,
occ_ni,NAT,FRA1,I551TOI553,2016,DEG1,0,A,F,NR,
occ_ni,NAT,FRA3,I551TOI553,2016,DEG1,0,A,F,NR,
occ_ni,NAT,FR,I551TOI553,2016,DEG2,67897808,A,F,NR,
occ_ni,NAT,FR1,I551TOI553,2016,DEG2,5286142,A,F,NR,
occ_ni,NAT,FR10,I551TOI553,2016,DEG2,5286142,A,F,NR,
occ_ni,NAT,FR2,I551TOI553,2016,DEG2,7643449,A,F,NR,
occ_ni,NAT,FR21,I551TOI553,2016,DEG2,553058,A,F,NR,
occ_ni,NAT,FR22,I551TOI553,2016,DEG2,785278,A,F,NR,
occ_ni,NAT,FR23,I551TOI553,2016,DEG2,677903,A,F,NR,
occ_ni,NAT,FR24,I551TOI553,2016,DEG2,1739178,A,F,NR,
occ_ni,NAT,FR25,I551TOI553,2016,DEG2,2528310,A,F,NR,
occ_ni,NAT,FR26,I551TOI553,2016,DEG2,1359721,A,F,NR,
occ_ni,NAT,FR3,I551TOI553,2016,DEG2,972964,A,F,NR,
occ_ni,NAT,FR30,I551TOI553,2016,DEG2,972964,A,F,NR,
occ_ni,NAT,FR4,I551TOI553,2016,DEG2,3288102,A,F,NR,
occ_ni,NAT,FR41,I551TOI553,2016,DEG2,1884246,A,F,NR,
occ_ni,NAT,FR42,I551TOI553,2016,DEG2,905638,A,F,NR,
occ_ni,NAT,FR43,I551TOI553,2016,DEG2,498218,A,F,NR,
occ_ni,NAT,FR5,I551TOI553,2016,DEG2,11282273,A,F,NR,
occ_ni,NAT,FR51,I551TOI553,2016,DEG2,5571541,A,F,NR,
occ_ni,NAT,FR52,I551TOI553,2016,DEG2,3995249,A,F,NR,
occ_ni,NAT,FR53,I551TOI553,2016,DEG2,1715484,A,F,NR,
occ_ni,NAT,FR6,I551TOI553,2016,DEG2,8962800,A,F,NR,
occ_ni,NAT,FR61,I551TOI553,2016,DEG2,5727929,A,F,NR,
occ_ni,NAT,FR62,I551TOI553,2016,DEG2,3090011,A,F,NR,
occ_ni,NAT,FR7,I551TOI553,2016,DEG2,8336291,A,F,NR,
occ_ni,NAT,FR71,I551TOI553,2016,DEG2,7065564,A,F,NR,
occ_ni,NAT,FR72,I551TOI553,2016,DEG2,1270726,A,F,NR,
occ_ni,NAT,FR8,I551TOI553,2016,DEG2,20691954,A,F,NR,
occ_ni,NAT,FR81,I551TOI553,2016,DEG2,10325757,A,F,NR,
occ_ni,NAT,FR82,I551TOI553,2016,DEG2,9265401,A,F,NR,
occ_ni,NAT,FR83,I551TOI553,2016,DEG2,1100796,A,F,NR,
occ_ni,NAT,FRA,I551TOI553,2016,DEG2,1433833,A,F,NR,
occ_ni,NAT,FRA4,I551TOI553,2016,DEG2,684994,U,N,NR,
occ_ni,NAT,FR,I551TOI553,2016,DEG3,115743376,A,F,NR,
occ_ni,NAT,FR1,I551TOI553,2016,DEG3,2064668,A,F,NR,
occ_ni,NAT,FR10,I551TOI553,2016,DEG3,2064668,A,F,NR,
occ_ni,NAT,FR2,I551TOI553,2016,DEG3,11642424,A,F,NR,
occ_ni,NAT,FR21,I551TOI553,2016,DEG3,691854,A,F,NR,
occ_ni,NAT,FR22,I551TOI553,2016,DEG3,1882049,A,F,NR,
occ_ni,NAT,FR23,I551TOI553,2016,DEG3,1861029,A,F,NR,
occ_ni,NAT,FR24,I551TOI553,2016,DEG3,2805561,A,F,NR,
occ_ni,NAT,FR25,I551TOI553,2016,DEG3,2724137,A,F,NR,
occ_ni,NAT,FR26,I551TOI553,2016,DEG3,1677793,A,F,NR,
occ_ni,NAT,FR3,I551TOI553,2016,DEG3,798230,A,F,NR,
occ_ni,NAT,FR30,I551TOI553,2016,DEG3,798230,A,F,NR,
occ_ni,NAT,FR4,I551TOI553,2016,DEG3,4548941,A,F,NR,
occ_ni,NAT,FR41,I551TOI553,2016,DEG3,1602575,A,F,NR,
occ_ni,NAT,FR42,I551TOI553,2016,DEG3,1459978,A,F,NR,
occ_ni,NAT,FR43,I551TOI553,2016,DEG3,1486388,A,F,NR,
occ_ni,NAT,FR5,I551TOI553,2016,DEG3,25570395,A,F,NR,
occ_ni,NAT,FR51,I551TOI553,2016,DEG3,8367025,A,F,NR,
occ_ni,NAT,FR52,I551TOI553,2016,DEG3,9049282,A,F,NR,
occ_ni,NAT,FR53,I551TOI553,2016,DEG3,8154088,A,F,NR,
occ_ni,NAT,FR6,I551TOI553,2016,DEG3,21906512,A,F,NR,
occ_ni,NAT,FR61,I551TOI553,2016,DEG3,13682134,A,F,NR,
occ_ni,NAT,FR62,I551TOI553,2016,DEG3,7102416,A,F,NR,
occ_ni,NAT,FR63,I551TOI553,2016,DEG3,1121963,A,F,NR,
occ_ni,NAT,FR7,I551TOI553,2016,DEG3,23392428,A,F,NR,
occ_ni,NAT,FR71,I551TOI553,2016,DEG3,19954516,A,F,NR,
occ_ni,NAT,FR72,I551TOI553,2016,DEG3,3437912,A,F,NR,
occ_ni,NAT,FR8,I551TOI553,2016,DEG3,24395101,A,F,NR,
occ_ni,NAT,FR81,I551TOI553,2016,DEG3,9017123,A,F,NR,
occ_ni,NAT,FR82,I551TOI553,2016,DEG3,9919132,A,F,NR,
occ_ni,NAT,FR83,I551TOI553,2016,DEG3,5458846,A,F,NR,
occ_ni,NAT,FRA,I551TOI553,2016,DEG3,1424676,U,N,NR,
occ_ni,NAT,FRA5,I551TOI553,2016,DEG3,0,A,F,NR,
occ_ni,NAT,FR,I551,2016,DEG1,69991487,A,F,NR,
occ_ni,NAT,FR,I551,2016,DEG2,35868298,A,F,NR,
occ_ni,NAT,FR,I551,2016,DEG3,27771896,A,F,NR,
occ_ni,NAT,FR,I552,2016,DEG1,19388161,A,F,NR,
occ_ni,NAT,FR,I552,2016,DEG2,14173324,A,F,NR,
occ_ni,NAT,FR,I552,2016,DEG3,37428074,A,F,NR,
occ_ni,NAT,FR,I553,2016,DEG1,7829183,A,F,NR,
occ_ni,NAT,FR,I553,2016,DEG2,17856186,A,F,NR,
occ_ni,NAT,FR,I553,2016,DEG3,50543406,A,F,NR,
occ_ni,FOR,FR,I551TOI553,2016,DEG1,54614601,A,F,NR,
occ_ni,FOR,FR1,I551TOI553,2016,DEG1,30130828,A,F,NR,
occ_ni,FOR,FR10,I551TOI553,2016,DEG1,30130828,A,F,NR,
occ_ni,FOR,FR2,I551TOI553,2016,DEG1,3041204,A,F,NR,
occ_ni,FOR,FR21,I551TOI553,2016,DEG1,610343,A,F,NR,
occ_ni,FOR,FR22,I551TOI553,2016,DEG1,333181,A,F,NR,
occ_ni,FOR,FR23,I551TOI553,2016,DEG1,420880,A,F,NR,
occ_ni,FOR,FR24,I551TOI553,2016,DEG1,748679,A,F,NR,
occ_ni,FOR,FR25,I551TOI553,2016,DEG1,327905,A,F,NR,
occ_ni,FOR,FR26,I551TOI553,2016,DEG1,600217,A,F,NR,
occ_ni,FOR,FR3,I551TOI553,2016,DEG1,1519940,A,F,NR,
occ_ni,FOR,FR30,I551TOI553,2016,DEG1,1519940,A,F,NR,
occ_ni,FOR,FR4,I551TOI553,2016,DEG1,2750821,A,F,NR,
occ_ni,FOR,FR41,I551TOI553,2016,DEG1,424211,A,F,NR,
occ_ni,FOR,FR42,I551TOI553,2016,DEG1,2073078,A,F,NR,
occ_ni,FOR,FR43,I551TOI553,2016,DEG1,253531,A,F,NR,
occ_ni,FOR,FR5,I551TOI553,2016,DEG1,1734095,A,F,NR,
occ_ni,FOR,FR51,I551TOI553,2016,DEG1,616538,A,F,NR,
occ_ni,FOR,FR52,I551TOI553,2016,DEG1,661270,A,F,NR,
occ_ni,FOR,FR53,I551TOI553,2016,DEG1,456288,A,F,NR,
occ_ni,FOR,FR6,I551TOI553,2016,DEG1,2739775,A,F,NR,
occ_ni,FOR,FR61,I551TOI553,2016,DEG1,1603557,A,F,NR,
occ_ni,FOR,FR62,I551TOI553,2016,DEG1,1014639,A,F,NR,
occ_ni,FOR,FR63,I551TOI553,2016,DEG1,121578,A,F,NR,
occ_ni,FOR,FR7,I551TOI553,2016,DEG1,2552528,A,F,NR,
occ_ni,FOR,FR71,I551TOI553,2016,DEG1,2359262,A,F,NR,
occ_ni,FOR,FR72,I551TOI553,2016,DEG1,193266,A,F,NR,
occ_ni,FOR,FR8,I551TOI553,2016,DEG1,10065934,A,F,NR,
occ_ni,FOR,FR81,I551TOI553,2016,DEG1,2111850,A,F,NR,
occ_ni,FOR,FR82,I551TOI553,2016,DEG1,7836003,A,F,NR,
occ_ni,FOR,FR83,I551TOI553,2016,DEG1,118082,U,N,NR,
occ_ni,FOR,FRA1,I551TOI553,2016,DEG1,0,A,F,NR,
occ_ni,FOR,FRA3,I551TOI553,2016,DEG1,0,A,F,NR,
occ_ni,FOR,FR,I551TOI553,2016,DEG2,27387091,A,F,NR,
occ_ni,FOR,FR1,I551TOI553,2016,DEG2,6149065,A,F,NR,
occ_ni,FOR,FR10,I551TOI553,2016,DEG2,6149065,A,F,NR,
occ_ni,FOR,FR2,I551TOI553,2016,DEG2,2769705,A,F,NR,
occ_ni,FOR,FR21,I551TOI553,2016,DEG2,228511,A,F,NR,
occ_ni,FOR,FR22,I551TOI553,2016,DEG2,255703,A,F,NR,
occ_ni,FOR,FR23,I551TOI553,2016,DEG2,200409,A,F,NR,
occ_ni,FOR,FR24,I551TOI553,2016,DEG2,534696,A,F,NR,
occ_ni,FOR,FR25,I551TOI553,2016,DEG2,806277,A,F,NR,
occ_ni,FOR,FR26,I551TOI553,2016,DEG2,744108,A,F,NR,
occ_ni,FOR,FR3,I551TOI553,2016,DEG2,312552,A,F,NR,
occ_ni,FOR,FR30,I551TOI553,2016,DEG2,312552,A,F,NR,
occ_ni,FOR,FR4,I551TOI553,2016,DEG2,1235005,A,F,NR,
occ_ni,FOR,FR41,I551TOI553,2016,DEG2,552781,A,F,NR,
occ_ni,FOR,FR42,I551TOI553,2016,DEG2,534796,A,F,NR,
occ_ni,FOR,FR43,I551TOI553,2016,DEG2,147428,A,F,NR,
occ_ni,FOR,FR5,I551TOI553,2016,DEG2,2023344,A,F,NR,
occ_ni,FOR,FR51,I551TOI553,2016,DEG2,769678,A,F,NR,
occ_ni,FOR,FR52,I551TOI553,2016,DEG2,982635,A,F,NR,
occ_ni,FOR,FR53,I551TOI553,2016,DEG2,271031,A,F,NR,
occ_ni,FOR,FR6,I551TOI553,2016,DEG2,3060052,A,F,NR,
occ_ni,FOR,FR61,I551TOI553,2016,DEG2,1225355,A,F,NR,
occ_ni,FOR,FR62,I551TOI553,2016,DEG2,1814696,A,F,NR,
occ_ni,FOR,FR7,I551TOI553,2016,DEG2,3094659,A,F,NR,
occ_ni,FOR,FR71,I551TOI553,2016,DEG2,2898325,A,F,NR,
occ_ni,FOR,FR72,I551TOI553,2016,DEG2,196334,A,F,NR,
occ_ni,FOR,FR8,I551TOI553,2016,DEG2,8464870,A,F,NR,
occ_ni,FOR,FR81,I551TOI553,2016,DEG2,2867912,A,F,NR,
occ_ni,FOR,FR82,I551TOI553,2016,DEG2,5025291,A,F,NR,
occ_ni,FOR,FR83,I551TOI553,2016,DEG2,571667,A,F,NR,
occ_ni,FOR,FRA,I551TOI553,2016,DEG2,277838,A,F,NR,
occ_ni,FOR,FRA4,I551TOI553,2016,DEG2,96427,U,N,NR,
occ_ni,FOR,FR,I551TOI553,2016,DEG3,41911718,A,F,NR,
occ_ni,FOR,FR1,I551TOI553,2016,DEG3,1987829,A,F,NR,
occ_ni,FOR,FR10,I551TOI553,2016,DEG3,1987829,A,F,NR,
occ_ni,FOR,FR2,I551TOI553,2016,DEG3,4755515,A,F,NR,
occ_ni,FOR,FR21,I551TOI553,2016,DEG3,484001,A,F,NR,
occ_ni,FOR,FR22,I551TOI553,2016,DEG3,883832,A,F,NR,
occ_ni,FOR,FR23,I551TOI553,2016,DEG3,334838,A,F,NR,
occ_ni,FOR,FR24,I551TOI553,2016,DEG3,829186,A,F,NR,
occ_ni,FOR,FR25,I551TOI553,2016,DEG3,1205692,A,F,NR,
occ_ni,FOR,FR26,I551TOI553,2016,DEG3,1017966,A,F,NR,
occ_ni,FOR,FR3,I551TOI553,2016,DEG3,437369,A,F,NR,
occ_ni,FOR,FR30,I551TOI553,2016,DEG3,437369,A,F,NR,
occ_ni,FOR,FR4,I551TOI553,2016,DEG3,2793589,A,F,NR,
occ_ni,FOR,FR41,I551TOI553,2016,DEG3,1030102,A,F,NR,
occ_ni,FOR,FR42,I551TOI553,2016,DEG3,1015870,A,F,NR,
occ_ni,FOR,FR43,I551TOI553,2016,DEG3,747617,A,F,NR,
occ_ni,FOR,FR5,I551TOI553,2016,DEG3,5417875,A,F,NR,
occ_ni,FOR,FR51,I551TOI553,2016,DEG3,1570232,A,F,NR,
occ_ni,FOR,FR52,I551TOI553,2016,DEG3,2310333,A,F,NR,
occ_ni,FOR,FR53,I551TOI553,2016,DEG3,1537309,A,F,NR,
occ_ni,FOR,FR6,I551TOI553,2016,DEG3,6780084,A,F,NR,
occ_ni,FOR,FR61,I551TOI553,2016,DEG3,4916143,A,F,NR,
occ_ni,FOR,FR62,I551TOI553,2016,DEG3,1571111,A,F,NR,
occ_ni,FOR,FR63,I551TOI553,2016,DEG3,292830,A,F,NR,
occ_ni,FOR,FR7,I551TOI553,2016,DEG3,9221216,A,F,NR,
occ_ni,FOR,FR71,I551TOI553,2016,DEG3,8729189,A,F,NR,
occ_ni,FOR,FR72,I551TOI553,2016,DEG3,492027,A,F,NR,
occ_ni,FOR,FR8,I551TOI553,2016,DEG3,10156536,A,F,NR,
occ_ni,FOR,FR81,I551TOI553,2016,DEG3,3205089,A,F,NR,
occ_ni,FOR,FR82,I551TOI553,2016,DEG3,4430906,A,F,NR,
occ_ni,FOR,FR83,I551TOI553,2016,DEG3,2520540,A,F,NR,
occ_ni,FOR,FRA,I551TOI553,2016,DEG3,361707,U,N,NR,
occ_ni,FOR,FRA5,I551TOI553,2016,DEG3,0,A,F,NR,
occ_ni,FOR,FR,I551,2016,DEG1,44440666,A,F,NR,
occ_ni,FOR,FR,I551,2016,DEG2,16270417,A,F,NR,
occ_ni,FOR,FR,I551,2016,DEG3,9534283,A,F,NR,
occ_ni,FOR,FR,I552,2016,DEG1,6232139,A,F,NR,
occ_ni,FOR,FR,I552,2016,DEG2,3626275,A,F,NR,
occ_ni,FOR,FR,I552,2016,DEG3,7871979,A,F,NR,
occ_ni,FOR,FR,I553,2016,DEG1,3941796,A,F,NR,
occ_ni,FOR,FR,I553,2016,DEG2,7490399,A,F,NR,
occ_ni,FOR,FR,I553,2016,DEG3,24505456,A,F,NR,
occ_ni,NAT,FR,I551TOI553,2017,DEG1,105075303,A,F,NR,
occ_ni,NAT,FR1,I551TOI553,2017,DEG1,28516963,A,F,NR,
occ_ni,NAT,FR10,I551TOI553,2017,DEG1,28516963,A,F,NR,
occ_ni,NAT,FRB,I551TOI553,2017,DEG1,2833307,A,F,NR,
occ_ni,NAT,FRB0,I551TOI553,2017,DEG1,2833307,A,F,NR,
occ_ni,NAT,FRC,I551TOI553,2017,DEG1,2260443,A,F,NR,
occ_ni,NAT,FRC1,I551TOI553,2017,DEG1,1363605,A,F,NR,
occ_ni,NAT,FRC2,I551TOI553,2017,DEG1,896838,A,F,NR,
occ_ni,NAT,FRD,I551TOI553,2017,DEG1,2622551,A,F,NR,
occ_ni,NAT,FRD1,I551TOI553,2017,DEG1,1128512,A,F,NR,
occ_ni,NAT,FRD2,I551TOI553,2017,DEG1,1494039,A,F,NR,
occ_ni,NAT,FRE,I551TOI553,2017,DEG1,5309391,A,F,NR,
occ_ni,NAT,FRE1,I551TOI553,2017,DEG1,4259933,A,F,NR,
occ_ni,NAT,FRE2,I551TOI553,2017,DEG1,1049458,A,F,NR,
occ_ni,NAT,FRF,I551TOI553,2017,DEG1,6231812,A,F,NR,
occ_ni,NAT,FRF1,I551TOI553,2017,DEG1,3419272,A,F,NR,
occ_ni,NAT,FRF2,I551TOI553,2017,DEG1,1459355,A,F,NR,
occ_ni,NAT,FRF3,I551TOI553,2017,DEG1,1353185,A,F,NR,
occ_ni,NAT,FRG,I551TOI553,2017,DEG1,4861800,A,F,NR,
occ_ni,NAT,FRG0,I551TOI553,2017,DEG1,4861800,A,F,NR,
occ_ni,NAT,FRH,I551TOI553,2017,DEG1,4575376,A,F,NR,
occ_ni,NAT,FRH0,I551TOI553,2017,DEG1,4575376,A,F,NR,
occ_ni,NAT,FRI,I551TOI553,2017,DEG1,10202658,A,F,NR,
occ_ni,NAT,FRI1,I551TOI553,2017,DEG1,6125998,A,F,NR,
occ_ni,NAT,FRI2,I551TOI553,2017,DEG1,929267,A,F,NR,
occ_ni,NAT,FRI3,I551TOI553,2017,DEG1,3147393,A,F,NR,
occ_ni,NAT,FRJ,I551TOI553,2017,DEG1,10240663,A,F,NR,
occ_ni,NAT,FRJ1,I551TOI553,2017,DEG1,7113048,A,F,NR,
occ_ni,NAT,FRJ2,I551TOI553,2017,DEG1,3127615,A,F,NR,
occ_ni,NAT,FRK,I551TOI553,2017,DEG1,9645851,A,F,NR,
occ_ni,NAT,FRK1,I551TOI553,2017,DEG1,1255525,A,F,NR,
occ_ni,NAT,FRK2,I551TOI553,2017,DEG1,8390326,A,F,NR,
occ_ni,NAT,FRL,I551TOI553,2017,DEG1,16795865,A,F,NR,
occ_ni,NAT,FRL0,I551TOI553,2017,DEG1,16795865,A,F,NR,
occ_ni,NAT,FRM,I551TOI553,2017,DEG1,565030,U,N,NR,
occ_ni,NAT,FRM0,I551TOI553,2017,DEG1,565030,U,N,NR,
occ_ni,NAT,FRY,I551TOI553,2017,DEG1,413192,U,N,NR,
occ_ni,NAT,FRY1,I551TOI553,2017,DEG1,0,A,F,NR,
occ_ni,NAT,FRY2,I551TOI553,2017,DEG1,150043,U,C,NR,
occ_ni,NAT,FRY3,I551TOI553,2017,DEG1,0,A,F,NR,
occ_ni,NAT,FRY4,I551TOI553,2017,DEG1,210308,U,C,NR,
occ_ni,NAT,FRY5,I551TOI553,2017,DEG1,53241,U,C,NR,
occ_ni,NAT,FR,I551TOI553,2017,DEG2,71978921,A,F,NR,
occ_ni,NAT,FR1,I551TOI553,2017,DEG2,6109434,A,F,NR,
occ_ni,NAT,FR10,I551TOI553,2017,DEG2,6109434,A,F,NR,
occ_ni,NAT,FRB,I551TOI553,2017,DEG2,1765736,A,F,NR,
occ_ni,NAT,FRB0,I551TOI553,2017,DEG2,1765736,A,F,NR,
occ_ni,NAT,FRC,I551TOI553,2017,DEG2,1967761,A,F,NR,
occ_ni,NAT,FRC1,I551TOI553,2017,DEG2,1448043,A,F,NR,
occ_ni,NAT,FRC2,I551TOI553,2017,DEG2,519719,A,F,NR,
occ_ni,NAT,FRD,I551TOI553,2017,DEG2,3399480,A,F,NR,
occ_ni,NAT,FRD1,I551TOI553,2017,DEG2,2677375,A,F,NR,
occ_ni,NAT,FRD2,I551TOI553,2017,DEG2,722105,A,F,NR,
occ_ni,NAT,FRE,I551TOI553,2017,DEG2,1772655,A,F,NR,
occ_ni,NAT,FRE1,I551TOI553,2017,DEG2,978575,A,F,NR,
occ_ni,NAT,FRE2,I551TOI553,2017,DEG2,794080,A,F,NR,
occ_ni,NAT,FRF,I551TOI553,2017,DEG2,3477465,A,F,NR,
occ_ni,NAT,FRF1,I551TOI553,2017,DEG2,948139,A,F,NR,
occ_ni,NAT,FRF2,I551TOI553,2017,DEG2,569687,A,F,NR,
occ_ni,NAT,FRF3,I551TOI553,2017,DEG2,1959639,A,F,NR,
occ_ni,NAT,FRG,I551TOI553,2017,DEG2,5854907,A,F,NR,
occ_ni,NAT,FRG0,I551TOI553,2017,DEG2,5854907,A,F,NR,
occ_ni,NAT,FRH,I551TOI553,2017,DEG2,4229821,A,F,NR,
occ_ni,NAT,FRH0,I551TOI553,2017,DEG2,4229821,A,F,NR,
occ_ni,NAT,FRI,I551TOI553,2017,DEG2,8052494,A,F,NR,
occ_ni,NAT,FRI1,I551TOI553,2017,DEG2,6166055,A,F,NR,
occ_ni,NAT,FRI2,I551TOI553,2017,DEG2,141487,U,N,NR,
occ_ni,NAT,FRI3,I551TOI553,2017,DEG2,1744953,A,F,NR,
occ_ni,NAT,FRJ,I551TOI553,2017,DEG2,14215824,A,F,NR,
occ_ni,NAT,FRJ1,I551TOI553,2017,DEG2,11210862,A,F,NR,
occ_ni,NAT,FRJ2,I551TOI553,2017,DEG2,3004963,A,F,NR,
occ_ni,NAT,FRK,I551TOI553,2017,DEG2,8376988,A,F,NR,
occ_ni,NAT,FRK1,I551TOI553,2017,DEG2,1286061,A,F,NR,
occ_ni,NAT,FRK2,I551TOI553,2017,DEG2,7090927,A,F,NR,
occ_ni,NAT,FRL,I551TOI553,2017,DEG2,9918858,A,F,NR,
occ_ni,NAT,FRL0,I551TOI553,2017,DEG2,9918858,A,F,NR,
occ_ni,NAT,FRM,I551TOI553,2017,DEG2,1199869,A,F,NR,
occ_ni,NAT,FRM0,I551TOI553,2017,DEG2,1199869,A,F,NR,
occ_ni,NAT,FRY,I551TOI553,2017,DEG2,1637628,A,F,NR,
occ_ni,NAT,FRY1,I551TOI553,2017,DEG2,473269,U,C,NR,
occ_ni,NAT,FRY2,I551TOI553,2017,DEG2,57448,U,C,NR,
occ_ni,NAT,FRY3,I551TOI553,2017,DEG2,271133,U,N,NR,
occ_ni,NAT,FRY4,I551TOI553,2017,DEG2,814195,A,F,NR,
occ_ni,NAT,FR,I551TOI553,2017,DEG3,122504513,A,F,NR,
occ_ni,NAT,FR1,I551TOI553,2017,DEG3,2487166,A,F,NR,
occ_ni,NAT,FR10,I551TOI553,2017,DEG3,2487166,A,F,NR,
occ_ni,NAT,FRB,I551TOI553,2017,DEG3,2932382,A,F,NR,
occ_ni,NAT,FRB0,I551TOI553,2017,DEG3,2932382,A,F,NR,
occ_ni,NAT,FRC,I551TOI553,2017,DEG3,3188213,A,F,NR,
occ_ni,NAT,FRC1,I551TOI553,2017,DEG3,1694876,A,F,NR,
occ_ni,NAT,FRC2,I551TOI553,2017,DEG3,1493337,A,F,NR,
occ_ni,NAT,FRD,I551TOI553,2017,DEG3,4743846,A,F,NR,
occ_ni,NAT,FRD1,I551TOI553,2017,DEG3,2918350,A,F,NR,
occ_ni,NAT,FRD2,I551TOI553,2017,DEG3,1825496,A,F,NR,
occ_ni,NAT,FRE,I551TOI553,2017,DEG3,2815259,A,F,NR,
occ_ni,NAT,FRE1,I551TOI553,2017,DEG3,824439,A,F,NR,
occ_ni,NAT,FRE2,I551TOI553,2017,DEG3,1990820,A,F,NR,
occ_ni,NAT,FRF,I551TOI553,2017,DEG3,4005304,A,F,NR,
occ_ni,NAT,FRF1,I551TOI553,2017,DEG3,1537425,A,F,NR,
occ_ni,NAT,FRF2,I551TOI553,2017,DEG3,731231,A,F,NR,
occ_ni,NAT,FRF3,I551TOI553,2017,DEG3,1736648,A,F,NR,
occ_ni,NAT,FRG,I551TOI553,2017,DEG3,8991585,A,F,NR,
occ_ni,NAT,FRG0,I551TOI553,2017,DEG3,8991585,A,F,NR,
occ_ni,NAT,FRH,I551TOI553,2017,DEG3,10289235,A,F,NR,
occ_ni,NAT,FRH0,I551TOI553,2017,DEG3,10289235,A,F,NR,
occ_ni,NAT,FRI,I551TOI553,2017,DEG3,24412690,A,F,NR,
occ_ni,NAT,FRI1,I551TOI553,2017,DEG3,14545398,A,F,NR,
occ_ni,NAT,FRI2,I551TOI553,2017,DEG3,1095818,A,F,NR,
occ_ni,NAT,FRI3,I551TOI553,2017,DEG3,8771474,A,F,NR,
occ_ni,NAT,FRJ,I551TOI553,2017,DEG3,16684278,A,F,NR,
occ_ni,NAT,FRJ1,I551TOI553,2017,DEG3,9358208,A,F,NR,
occ_ni,NAT,FRJ2,I551TOI553,2017,DEG3,7326069,A,F,NR,
occ_ni,NAT,FRK,I551TOI553,2017,DEG3,23970146,A,F,NR,
occ_ni,NAT,FRK1,I551TOI553,2017,DEG3,3444460,A,F,NR,
occ_ni,NAT,FRK2,I551TOI553,2017,DEG3,20525686,A,F,NR,
occ_ni,NAT,FRL,I551TOI553,2017,DEG3,10410239,A,F,NR,
occ_ni,NAT,FRL0,I551TOI553,2017,DEG3,10410239,A,F,NR,
occ_ni,NAT,FRM,I551TOI553,2017,DEG3,6030556,A,F,NR,
occ_ni,NAT,FRM0,I551TOI553,2017,DEG3,6030556,A,F,NR,
occ_ni,NAT,FRY,I551TOI553,2017,DEG3,1543614,A,F,NR,
occ_ni,NAT,FRY1,I551TOI553,2017,DEG3,499916,U,N,NR,
occ_ni,NAT,FRY2,I551TOI553,2017,DEG3,888968,U,N,NR,
occ_ni,NAT,FRY3,I551TOI553,2017,DEG3,10775,U,C,NR,
occ_ni,NAT,FRY4,I551TOI553,2017,DEG3,143956,U,C,NR,
occ_ni,NAT,FRY5,I551TOI553,2017,DEG3,0,A,F,NR,
occ_ni,NAT,FR,I551,2017,DEG1,72980889,A,F,NR,
occ_ni,NAT,FR,I551,2017,DEG2,36541636,A,F,NR,
occ_ni,NAT,FR,I551,2017,DEG3,28326145,A,F,NR,
occ_ni,NAT,FR,I552,2017,DEG1,23168322,A,F,NR,
occ_ni,NAT,FR,I552,2017,DEG2,15486453,A,F,NR,
occ_ni,NAT,FR,I552,2017,DEG3,37853355,A,F,NR,
occ_ni,NAT,FR,I553,2017,DEG1,8926092,A,F,NR,
occ_ni,NAT,FR,I553,2017,DEG2,19950832,A,F,NR,
occ_ni,NAT,FR,I553,2017,DEG3,56325013,A,F,NR,
occ_ni,FOR,FR,I551TOI553,2017,DEG1,60121973,A,F,NR,
occ_ni,FOR,FR1,I551TOI553,2017,DEG1,33980058,A,F,NR,
occ_ni,FOR,FR10,I551TOI553,2017,DEG1,33980058,A,F,NR,
occ_ni,FOR,FRB,I551TOI553,2017,DEG1,828589,A,F,NR,
occ_ni,FOR,FRB0,I551TOI553,2017,DEG1,828589,A,F,NR,
occ_ni,FOR,FRC,I551TOI553,2017,DEG1,960139,A,F,NR,
occ_ni,FOR,FRC1,I551TOI553,2017,DEG1,673027,A,F,NR,
occ_ni,FOR,FRC2,I551TOI553,2017,DEG1,287112,A,F,NR,
occ_ni,FOR,FRD,I551TOI553,2017,DEG1,843336,A,F,NR,
occ_ni,FOR,FRD1,I551TOI553,2017,DEG1,384156,A,F,NR,
occ_ni,FOR,FRD2,I551TOI553,2017,DEG1,459179,A,F,NR,
occ_ni,FOR,FRE,I551TOI553,2017,DEG1,1823808,A,F,NR,
occ_ni,FOR,FRE1,I551TOI553,2017,DEG1,1466143,A,F,NR,
occ_ni,FOR,FRE2,I551TOI553,2017,DEG1,357665,A,F,NR,
occ_ni,FOR,FRF,I551TOI553,2017,DEG1,3478910,A,F,NR,
occ_ni,FOR,FRF1,I551TOI553,2017,DEG1,2332658,A,F,NR,
occ_ni,FOR,FRF2,I551TOI553,2017,DEG1,658527,A,F,NR,
occ_ni,FOR,FRF3,I551TOI553,2017,DEG1,487725,A,F,NR,
occ_ni,FOR,FRG,I551TOI553,2017,DEG1,700723,A,F,NR,
occ_ni,FOR,FRG0,I551TOI553,2017,DEG1,700723,A,F,NR,
occ_ni,FOR,FRH,I551TOI553,2017,DEG1,749021,A,F,NR,
occ_ni,FOR,FRH0,I551TOI553,2017,DEG1,749021,A,F,NR,
occ_ni,FOR,FRI,I551TOI553,2017,DEG1,2342283,A,F,NR,
occ_ni,FOR,FRI1,I551TOI553,2017,DEG1,1744303,A,F,NR,
occ_ni,FOR,FRI2,I551TOI553,2017,DEG1,137662,A,F,NR,
occ_ni,FOR,FRI3,I551TOI553,2017,DEG1,460318,A,F,NR,
occ_ni,FOR,FRJ,I551TOI553,2017,DEG1,3375494,A,F,NR,
occ_ni,FOR,FRJ1,I551TOI553,2017,DEG1,2235185,A,F,NR,
occ_ni,FOR,FRJ2,I551TOI553,2017,DEG1,1140309,A,F,NR,
occ_ni,FOR,FRK,I551TOI553,2017,DEG1,2678320,A,F,NR,
occ_ni,FOR,FRK1,I551TOI553,2017,DEG1,231710,A,F,NR,
occ_ni,FOR,FRK2,I551TOI553,2017,DEG1,2446610,A,F,NR,
occ_ni,FOR,FRL,I551TOI553,2017,DEG1,8178025,A,F,NR,
occ_ni,FOR,FRL0,I551TOI553,2017,DEG1,8178025,A,F,NR,
occ_ni,FOR,FRM,I551TOI553,2017,DEG1,120000,U,N,NR,
occ_ni,FOR,FRM0,I551TOI553,2017,DEG1,120000,U,N,NR,
occ_ni,FOR,FRY,I551TOI553,2017,DEG1,63267,U,N,NR,
occ_ni,FOR,FRY1,I551TOI553,2017,DEG1,0,A,F,NR,
occ_ni,FOR,FRY2,I551TOI553,2017,DEG1,21808,U,C,NR,
occ_ni,FOR,FRY3,I551TOI553,2017,DEG1,0,A,F,NR,
occ_ni,FOR,FRY4,I551TOI553,2017,DEG1,35843,U,C,NR,
occ_ni,FOR,FRY5,I551TOI553,2017,DEG1,5616,U,C,NR,
occ_ni,FOR,FR,I551TOI553,2017,DEG2,29151770,A,F,NR,
occ_ni,FOR,FR1,I551TOI553,2017,DEG2,6946912,A,F,NR,
occ_ni,FOR,FR10,I551TOI553,2017,DEG2,6946912,A,F,NR,
occ_ni,FOR,FRB,I551TOI553,2017,DEG2,571844,A,F,NR,
occ_ni,FOR,FRB0,I551TOI553,2017,DEG2,571844,A,F,NR,
occ_ni,FOR,FRC,I551TOI553,2017,DEG2,913736,A,F,NR,
occ_ni,FOR,FRC1,I551TOI553,2017,DEG2,759879,A,F,NR,
occ_ni,FOR,FRC2,I551TOI553,2017,DEG2,153857,A,F,NR,
occ_ni,FOR,FRD,I551TOI553,2017,DEG2,1087460,A,F,NR,
occ_ni,FOR,FRD1,I551TOI553,2017,DEG2,880067,A,F,NR,
occ_ni,FOR,FRD2,I551TOI553,2017,DEG2,207394,A,F,NR,
occ_ni,FOR,FRE,I551TOI553,2017,DEG2,570310,A,F,NR,
occ_ni,FOR,FRE1,I551TOI553,2017,DEG2,295969,A,F,NR,
occ_ni,FOR,FRE2,I551TOI553,2017,DEG2,274341,A,F,NR,
occ_ni,FOR,FRF,I551TOI553,2017,DEG2,1397349,A,F,NR,
occ_ni,FOR,FRF1,I551TOI553,2017,DEG2,561012,A,F,NR,
occ_ni,FOR,FRF2,I551TOI553,2017,DEG2,236209,A,F,NR,
occ_ni,FOR,FRF3,I551TOI553,2017,DEG2,600128,A,F,NR,
occ_ni,FOR,FRG,I551TOI553,2017,DEG2,852765,A,F,NR,
occ_ni,FOR,FRG0,I551TOI553,2017,DEG2,852765,A,F,NR,
occ_ni,FOR,FRH,I551TOI553,2017,DEG2,1017642,A,F,NR,
occ_ni,FOR,FRH0,I551TOI553,2017,DEG2,1017642,A,F,NR,
occ_ni,FOR,FRI,I551TOI553,2017,DEG2,1525476,A,F,NR,
occ_ni,FOR,FRI1,I551TOI553,2017,DEG2,1239309,A,F,NR,
occ_ni,FOR,FRI2,I551TOI553,2017,DEG2,20701,U,N,NR,
occ_ni,FOR,FRI3,I551TOI553,2017,DEG2,265466,A,F,NR,
occ_ni,FOR,FRJ,I551TOI553,2017,DEG2,5015778,A,F,NR,
occ_ni,FOR,FRJ1,I551TOI553,2017,DEG2,3125059,A,F,NR,
occ_ni,FOR,FRJ2,I551TOI553,2017,DEG2,1890719,A,F,NR,
occ_ni,FOR,FRK,I551TOI553,2017,DEG2,3216769,A,F,NR,
occ_ni,FOR,FRK1,I551TOI553,2017,DEG2,206507,A,F,NR,
occ_ni,FOR,FRK2,I551TOI553,2017,DEG2,3010262,A,F,NR,
occ_ni,FOR,FRL,I551TOI553,2017,DEG2,5149266,A,F,NR,
occ_ni,FOR,FRL0,I551TOI553,2017,DEG2,5149266,A,F,NR,
occ_ni,FOR,FRM,I551TOI553,2017,DEG2,586733,A,F,NR,
occ_ni,FOR,FRM0,I551TOI553,2017,DEG2,586733,A,F,NR,
occ_ni,FOR,FRY,I551TOI553,2017,DEG2,299730,A,F,NR,
occ_ni,FOR,FRY1,I551TOI553,2017,DEG2,97354,U,C,NR,
occ_ni,FOR,FRY2,I551TOI553,2017,DEG2,9283,U,C,NR,
occ_ni,FOR,FRY3,I551TOI553,2017,DEG2,64266,U,N,NR,
occ_ni,FOR,FRY4,I551TOI553,2017,DEG2,125321,A,F,NR,
occ_ni,FOR,FR,I551TOI553,2017,DEG3,44226247,A,F,NR,
occ_ni,FOR,FR1,I551TOI553,2017,DEG3,2108090,A,F,NR,
occ_ni,FOR,FR10,I551TOI553,2017,DEG3,2108090,A,F,NR,
occ_ni,FOR,FRB,I551TOI553,2017,DEG3,907021,A,F,NR,
occ_ni,FOR,FRB0,I551TOI553,2017,DEG3,907021,A,F,NR,
occ_ni,FOR,FRC,I551TOI553,2017,DEG3,1908857,A,F,NR,
occ_ni,FOR,FRC1,I551TOI553,2017,DEG3,1046032,A,F,NR,
occ_ni,FOR,FRC2,I551TOI553,2017,DEG3,862825,A,F,NR,
occ_ni,FOR,FRD,I551TOI553,2017,DEG3,1730646,A,F,NR,
occ_ni,FOR,FRD1,I551TOI553,2017,DEG3,1370843,A,F,NR,
occ_ni,FOR,FRD2,I551TOI553,2017,DEG3,359804,A,F,NR,
occ_ni,FOR,FRE,I551TOI553,2017,DEG3,1461464,A,F,NR,
occ_ni,FOR,FRE1,I551TOI553,2017,DEG3,462537,A,F,NR,
occ_ni,FOR,FRE2,I551TOI553,2017,DEG3,998927,A,F,NR,
occ_ni,FOR,FRF,I551TOI553,2017,DEG3,2678082,A,F,NR,
occ_ni,FOR,FRF1,I551TOI553,2017,DEG3,1065817,A,F,NR,
occ_ni,FOR,FRF2,I551TOI553,2017,DEG3,527220,A,F,NR,
occ_ni,FOR,FRF3,I551TOI553,2017,DEG3,1085046,A,F,NR,
occ_ni,FOR,FRG,I551TOI553,2017,DEG3,1789129,A,F,NR,
occ_ni,FOR,FRG0,I551TOI553,2017,DEG3,1789129,A,F,NR,
occ_ni,FOR,FRH,I551TOI553,2017,DEG3,2355274,A,F,NR,
occ_ni,FOR,FRH0,I551TOI553,2017,DEG3,2355274,A,F,NR,
occ_ni,FOR,FRI,I551TOI553,2017,DEG3,7012074,A,F,NR,
occ_ni,FOR,FRI1,I551TOI553,2017,DEG3,5306837,A,F,NR,
occ_ni,FOR,FRI2,I551TOI553,2017,DEG3,298544,A,F,NR,
occ_ni,FOR,FRI3,I551TOI553,2017,DEG3,1406693,A,F,NR,
occ_ni,FOR,FRJ,I551TOI553,2017,DEG3,5020907,A,F,NR,
occ_ni,FOR,FRJ1,I551TOI553,2017,DEG3,3452395,A,F,NR,
occ_ni,FOR,FRJ2,I551TOI553,2017,DEG3,1568512,A,F,NR,
occ_ni,FOR,FRK,I551TOI553,2017,DEG3,9780820,A,F,NR,
occ_ni,FOR,FRK1,I551TOI553,2017,DEG3,528001,A,F,NR,
occ_ni,FOR,FRK2,I551TOI553,2017,DEG3,9252819,A,F,NR,
occ_ni,FOR,FRL,I551TOI553,2017,DEG3,4557701,A,F,NR,
occ_ni,FOR,FRL0,I551TOI553,2017,DEG3,4557701,A,F,NR,
occ_ni,FOR,FRM,I551TOI553,2017,DEG3,2533313,A,F,NR,
occ_ni,FOR,FRM0,I551TOI553,2017,DEG3,2533313,A,F,NR,
occ_ni,FOR,FRY,I551TOI553,2017,DEG3,382869,A,F,NR,
occ_ni,FOR,FRY1,I551TOI553,2017,DEG3,166186,U,N,NR,
occ_ni,FOR,FRY2,I551TOI553,2017,DEG3,168624,U,N,NR,
occ_ni,FOR,FRY3,I551TOI553,2017,DEG3,24994,U,C,NR,
occ_ni,FOR,FRY4,I551TOI553,2017,DEG3,23065,U,C,NR,
occ_ni,FOR,FRY5,I551TOI553,2017,DEG3,0,A,F,NR,
occ_ni,FOR,FR,I551,2017,DEG1,49447151,A,F,NR,
occ_ni,FOR,FR,I551,2017,DEG2,17402666,A,F,NR,
occ_ni,FOR,FR,I551,2017,DEG3,9576326,A,F,NR,
occ_ni,FOR,FR,I552,2017,DEG1,6309559,A,F,NR,
occ_ni,FOR,FR,I552,2017,DEG2,3932512,A,F,NR,
occ_ni,FOR,FR,I552,2017,DEG3,8062808,A,F,NR,
occ_ni,FOR,FR,I553,2017,DEG1,4365264,A,F,NR,
occ_ni,FOR,FR,I553,2017,DEG2,7816593,A,F,NR,
occ_ni,FOR,FR,I553,2017,DEG3,26587113,A,F,NR,
