MEASURE,C_RESID,NUTS,NACE_R2,TIME_PERIOD,TERRTYPO,OBS_VALUE,OBS_STATUS,CONF_STATUS,UNIT,UNIT_MULT
occ_ni,FOR,FR,I551TOI553,2015,CST_A,35393266,A,F,NR,
occ_ni,FOR,FR1,I551TOI553,2015,CST_A,0,A,F,NR,
occ_ni,FOR,FR10,I551TOI553,2015,CST_A,0,A,F,NR,
occ_ni,FOR,FR2,I551TOI553,2015,CST_A,2704609,A,F,NR,
occ_ni,FOR,FR21,I551TOI553,2015,CST_A,0,A,F,NR,
occ_ni,FOR,FR22,I551TOI553,2015,CST_A,320759,A,F,NR,
occ_ni,FOR,FR23,I551TOI553,2015,CST_A,437368,A,F,NR,
occ_ni,FOR,FR24,I551TOI553,2015,CST_A,0,A,F,NR,
occ_ni,FOR,FR25,I551TOI553,2015,CST_A,1946482,A,F,NR,
occ_ni,FOR,FR26,I551TOI553,2015,CST_A,0,A,F,NR,
occ_ni,FOR,FR3,I551TOI553,2015,CST_A,1015851,A,F,NR,
occ_ni,FOR,FR30,I551TOI553,2015,CST_A,1015851,A,F,NR,
occ_ni,FOR,FR4,I551TOI553,2015,CST_A,0,A,F,NR,
occ_ni,FOR,FR41,I551TOI553,2015,CST_A,0,A,F,NR,
occ_ni,FOR,FR42,I551TOI553,2015,CST_A,0,A,F,NR,
occ_ni,FOR,FR43,I551TOI553,2015,CST_A,0,A,F,NR,
occ_ni,FOR,FR5,I551TOI553,2015,CST_A,6727962,A,F,NR,
occ_ni,FOR,FR51,I551TOI553,2015,CST_A,1708960,A,F,NR,
occ_ni,FOR,FR52,I551TOI553,2015,CST_A,3611800,A,F,NR,
occ_ni,FOR,FR53,I551TOI553,2015,CST_A,1407201,A,F,NR,
occ_ni,FOR,FR6,I551TOI553,2015,CST_A,4297057,A,F,NR,
occ_ni,FOR,FR61,I551TOI553,2015,CST_A,4297057,A,F,NR,
occ_ni,FOR,FR62,I551TOI553,2015,CST_A,0,A,F,NR,
occ_ni,FOR,FR63,I551TOI553,2015,CST_A,0,A,F,NR,
occ_ni,FOR,FR7,I551TOI553,2015,CST_A,0,A,F,NR,
occ_ni,FOR,FR71,I551TOI553,2015,CST_A,0,A,F,NR,
occ_ni,FOR,FR72,I551TOI553,2015,CST_A,0,A,F,NR,
occ_ni,FOR,FR8,I551TOI553,2015,CST_A,19992571,A,F,NR,
occ_ni,FOR,FR81,I551TOI553,2015,CST_A,4974340,A,F,NR,
occ_ni,FOR,FR82,I551TOI553,2015,CST_A,12285072,A,F,NR,
occ_ni,FOR,FR83,I551TOI553,2015,CST_A,2733159,A,F,NR,
occ_ni,FOR,FRA,I551TOI553,2015,CST_A,655216,A,F,NR,
occ_ni,FOR,FRA1,I551TOI553,2015,CST_A,164427,A,F,NR,
occ_ni,FOR,FRA2,I551TOI553,2015,CST_A,300913,A,F,NR,
occ_ni,FOR,FRA3,I551TOI553,2015,CST_A,65615,A,F,NR,
occ_ni,FOR,FRA4,I551TOI553,2015,CST_A,124262,A,F,NR,
occ_ni,FOR,FRA5,I551TOI553,2015,CST_A,0,A,F,NR,
occ_ni,FOR,FR,I551TOI553,2015,NCST_A,95071732,A,F,NR,
occ_ni,FOR,FR1,I551TOI553,2015,NCST_A,43216240,A,F,NR,
occ_ni,FOR,FR10,I551TOI553,2015,NCST_A,43216240,A,F,NR,
occ_ni,FOR,FR2,I551TOI553,2015,NCST_A,8469676,A,F,NR,
occ_ni,FOR,FR21,I551TOI553,2015,NCST_A,1251984,A,F,NR,
occ_ni,FOR,FR22,I551TOI553,2015,NCST_A,1108666,A,F,NR,
occ_ni,FOR,FR23,I551TOI553,2015,NCST_A,599908,A,F,NR,
occ_ni,FOR,FR24,I551TOI553,2015,NCST_A,2359832,A,F,NR,
occ_ni,FOR,FR25,I551TOI553,2015,NCST_A,606080,A,F,NR,
occ_ni,FOR,FR26,I551TOI553,2015,NCST_A,2543208,A,F,NR,
occ_ni,FOR,FR3,I551TOI553,2015,NCST_A,1189496,A,F,NR,
occ_ni,FOR,FR30,I551TOI553,2015,NCST_A,1189496,A,F,NR,
occ_ni,FOR,FR4,I551TOI553,2015,NCST_A,6688026,A,F,NR,
occ_ni,FOR,FR41,I551TOI553,2015,NCST_A,1934816,A,F,NR,
occ_ni,FOR,FR42,I551TOI553,2015,NCST_A,3639654,A,F,NR,
occ_ni,FOR,FR43,I551TOI553,2015,NCST_A,1113555,A,F,NR,
occ_ni,FOR,FR5,I551TOI553,2015,NCST_A,2815063,A,F,NR,
occ_ni,FOR,FR51,I551TOI553,2015,NCST_A,1573738,A,F,NR,
occ_ni,FOR,FR52,I551TOI553,2015,NCST_A,627165,A,F,NR,
occ_ni,FOR,FR53,I551TOI553,2015,NCST_A,614160,A,F,NR,
occ_ni,FOR,FR6,I551TOI553,2015,NCST_A,8055071,A,F,NR,
occ_ni,FOR,FR61,I551TOI553,2015,NCST_A,3327631,A,F,NR,
occ_ni,FOR,FR62,I551TOI553,2015,NCST_A,4289740,A,F,NR,
occ_ni,FOR,FR63,I551TOI553,2015,NCST_A,437701,A,F,NR,
occ_ni,FOR,FR7,I551TOI553,2015,NCST_A,15113721,A,F,NR,
occ_ni,FOR,FR71,I551TOI553,2015,NCST_A,14249738,A,F,NR,
occ_ni,FOR,FR72,I551TOI553,2015,NCST_A,863983,A,F,NR,
occ_ni,FOR,FR8,I551TOI553,2015,NCST_A,9500117,A,F,NR,
occ_ni,FOR,FR81,I551TOI553,2015,NCST_A,2988503,A,F,NR,
occ_ni,FOR,FR82,I551TOI553,2015,NCST_A,6387355,A,F,NR,
occ_ni,FOR,FR83,I551TOI553,2015,NCST_A,124260,A,F,NR,
occ_ni,FOR,FRA,I551TOI553,2015,NCST_A,24322,A,F,NR,
occ_ni,FOR,FRA1,I551TOI553,2015,NCST_A,0,A,F,NR,
occ_ni,FOR,FRA2,I551TOI553,2015,NCST_A,0,A,F,NR,
occ_ni,FOR,FRA3,I551TOI553,2015,NCST_A,3638,A,F,NR,
occ_ni,FOR,FRA4,I551TOI553,2015,NCST_A,20683,A,F,NR,
occ_ni,FOR,FRA5,I551TOI553,2015,NCST_A,0,A,F,NR,
occ_ni,FOR,FR,I551,2015,CST_A,12384877,A,F,NR,
occ_ni,FOR,FR,I551,2015,NCST_A,62072050,A,F,NR,
occ_ni,FOR,FR,I552,2015,CST_A,5273540,A,F,NR,
occ_ni,FOR,FR,I552,2015,NCST_A,14690201,A,F,NR,
occ_ni,FOR,FR,I553,2015,CST_A,17734849,A,F,NR,
occ_ni,FOR,FR,I553,2015,NCST_A,18309480,A,F,NR,
occ_ni,NAT,FR,I551TOI553,2015,CST_A,106111342,A,F,NR,
occ_ni,NAT,FR1,I551TOI553,2015,CST_A,0,A,F,NR,
occ_ni,NAT,FR10,I551TOI553,2015,CST_A,0,A,F,NR,
occ_ni,NAT,FR2,I551TOI553,2015,CST_A,6999981,A,F,NR,
occ_ni,NAT,FR21,I551TOI553,2015,CST_A,0,A,F,NR,
occ_ni,NAT,FR22,I551TOI553,2015,CST_A,1035281,A,F,NR,
occ_ni,NAT,FR23,I551TOI553,2015,CST_A,1349846,A,F,NR,
occ_ni,NAT,FR24,I551TOI553,2015,CST_A,0,A,F,NR,
occ_ni,NAT,FR25,I551TOI553,2015,CST_A,4614854,A,F,NR,
occ_ni,NAT,FR26,I551TOI553,2015,CST_A,0,A,F,NR,
occ_ni,NAT,FR3,I551TOI553,2015,CST_A,1988054,A,F,NR,
occ_ni,NAT,FR30,I551TOI553,2015,CST_A,1988054,A,F,NR,
occ_ni,NAT,FR4,I551TOI553,2015,CST_A,0,A,F,NR,
occ_ni,NAT,FR41,I551TOI553,2015,CST_A,0,A,F,NR,
occ_ni,NAT,FR42,I551TOI553,2015,CST_A,0,A,F,NR,
occ_ni,NAT,FR43,I551TOI553,2015,CST_A,0,A,F,NR,
occ_ni,NAT,FR5,I551TOI553,2015,CST_A,35392614,A,F,NR,
occ_ni,NAT,FR51,I551TOI553,2015,CST_A,11641380,A,F,NR,
occ_ni,NAT,FR52,I551TOI553,2015,CST_A,15119169,A,F,NR,
occ_ni,NAT,FR53,I551TOI553,2015,CST_A,8632065,A,F,NR,
occ_ni,NAT,FR6,I551TOI553,2015,CST_A,13480008,A,F,NR,
occ_ni,NAT,FR61,I551TOI553,2015,CST_A,13480008,A,F,NR,
occ_ni,NAT,FR62,I551TOI553,2015,CST_A,0,A,F,NR,
occ_ni,NAT,FR63,I551TOI553,2015,CST_A,0,A,F,NR,
occ_ni,NAT,FR7,I551TOI553,2015,CST_A,0,A,F,NR,
occ_ni,NAT,FR71,I551TOI553,2015,CST_A,0,A,F,NR,
occ_ni,NAT,FR72,I551TOI553,2015,CST_A,0,A,F,NR,
occ_ni,NAT,FR8,I551TOI553,2015,CST_A,45396991,A,F,NR,
occ_ni,NAT,FR81,I551TOI553,2015,CST_A,17037251,A,F,NR,
occ_ni,NAT,FR82,I551TOI553,2015,CST_A,21685218,A,F,NR,
occ_ni,NAT,FR83,I551TOI553,2015,CST_A,6674523,A,F,NR,
occ_ni,NAT,FRA,I551TOI553,2015,CST_A,2853694,A,F,NR,
occ_ni,NAT,FRA1,I551TOI553,2015,CST_A,826291,A,F,NR,
occ_ni,NAT,FRA2,I551TOI553,2015,CST_A,1009089,A,F,NR,
occ_ni,NAT,FRA3,I551TOI553,2015,CST_A,242406,A,F,NR,
occ_ni,NAT,FRA4,I551TOI553,2015,CST_A,775909,A,F,NR,
occ_ni,NAT,FRA5,I551TOI553,2015,CST_A,0,A,F,NR,
occ_ni,NAT,FR,I551TOI553,2015,NCST_A,173476548,A,F,NR,
occ_ni,NAT,FR1,I551TOI553,2015,NCST_A,33594663,A,F,NR,
occ_ni,NAT,FR10,I551TOI553,2015,NCST_A,33594663,A,F,NR,
occ_ni,NAT,FR2,I551TOI553,2015,NCST_A,20709119,A,F,NR,
occ_ni,NAT,FR21,I551TOI553,2015,NCST_A,2601700,A,F,NR,
occ_ni,NAT,FR22,I551TOI553,2015,NCST_A,2736923,A,F,NR,
occ_ni,NAT,FR23,I551TOI553,2015,NCST_A,2577498,A,F,NR,
occ_ni,NAT,FR24,I551TOI553,2015,NCST_A,6931921,A,F,NR,
occ_ni,NAT,FR25,I551TOI553,2015,NCST_A,1639415,A,F,NR,
occ_ni,NAT,FR26,I551TOI553,2015,NCST_A,4221663,A,F,NR,
occ_ni,NAT,FR3,I551TOI553,2015,NCST_A,3779371,A,F,NR,
occ_ni,NAT,FR30,I551TOI553,2015,NCST_A,3779371,A,F,NR,
occ_ni,NAT,FR4,I551TOI553,2015,NCST_A,12843182,A,F,NR,
occ_ni,NAT,FR41,I551TOI553,2015,NCST_A,4610826,A,F,NR,
occ_ni,NAT,FR42,I551TOI553,2015,NCST_A,5373453,A,F,NR,
occ_ni,NAT,FR43,I551TOI553,2015,NCST_A,2858902,A,F,NR,
occ_ni,NAT,FR5,I551TOI553,2015,NCST_A,12707180,A,F,NR,
occ_ni,NAT,FR51,I551TOI553,2015,NCST_A,6549561,A,F,NR,
occ_ni,NAT,FR52,I551TOI553,2015,NCST_A,2542967,A,F,NR,
occ_ni,NAT,FR53,I551TOI553,2015,NCST_A,3614652,A,F,NR,
occ_ni,NAT,FR6,I551TOI553,2015,NCST_A,26076482,A,F,NR,
occ_ni,NAT,FR61,I551TOI553,2015,NCST_A,11155669,A,F,NR,
occ_ni,NAT,FR62,I551TOI553,2015,NCST_A,12838854,A,F,NR,
occ_ni,NAT,FR63,I551TOI553,2015,NCST_A,2081958,A,F,NR,
occ_ni,NAT,FR7,I551TOI553,2015,NCST_A,40141310,A,F,NR,
occ_ni,NAT,FR71,I551TOI553,2015,NCST_A,34421231,A,F,NR,
occ_ni,NAT,FR72,I551TOI553,2015,NCST_A,5720079,A,F,NR,
occ_ni,NAT,FR8,I551TOI553,2015,NCST_A,23472808,A,F,NR,
occ_ni,NAT,FR81,I551TOI553,2015,NCST_A,9043558,A,F,NR,
occ_ni,NAT,FR82,I551TOI553,2015,NCST_A,14207537,A,F,NR,
occ_ni,NAT,FR83,I551TOI553,2015,NCST_A,221713,A,F,NR,
occ_ni,NAT,FRA,I551TOI553,2015,NCST_A,152434,A,F,NR,
occ_ni,NAT,FRA1,I551TOI553,2015,NCST_A,0,A,F,NR,
occ_ni,NAT,FRA2,I551TOI553,2015,NCST_A,0,A,F,NR,
occ_ni,NAT,FRA3,I551TOI553,2015,NCST_A,42493,A,F,NR,
occ_ni,NAT,FRA4,I551TOI553,2015,NCST_A,109941,A,F,NR,
occ_ni,NAT,FRA5,I551TOI553,2015,NCST_A,0,A,F,NR,
occ_ni,NAT,FR,I552,2015,CST_A,26509364,A,F,NR,
occ_ni,NAT,FR,I552,2015,NCST_A,45037320,A,F,NR,
occ_ni,NAT,FR,I553,2015,CST_A,49340006,A,F,NR,
occ_ni,NAT,FR,I553,2015,NCST_A,27491295,A,F,NR,
occ_ni,NAT,FR,I551TOI553,2016,CST_A,104033767,A,F,NR,
occ_ni,NAT,FR1,I551TOI553,2016,CST_A,0,A,F,NR,
occ_ni,NAT,FR10,I551TOI553,2016,CST_A,0,A,F,NR,
occ_ni,NAT,FR2,I551TOI553,2016,CST_A,7042439,A,F,NR,
occ_ni,NAT,FR21,I551TOI553,2016,CST_A,0,A,F,NR,
occ_ni,NAT,FR22,I551TOI553,2016,CST_A,1047087,A,F,NR,
occ_ni,NAT,FR23,I551TOI553,2016,CST_A,1365220,A,F,NR,
occ_ni,NAT,FR24,I551TOI553,2016,CST_A,0,A,F,NR,
occ_ni,NAT,FR25,I551TOI553,2016,CST_A,4630132,A,F,NR,
occ_ni,NAT,FR26,I551TOI553,2016,CST_A,0,A,F,NR,
occ_ni,NAT,FR3,I551TOI553,2016,CST_A,2095191,A,F,NR,
occ_ni,NAT,FR30,I551TOI553,2016,CST_A,2095191,A,F,NR,
occ_ni,NAT,FR4,I551TOI553,2016,CST_A,0,A,F,NR,
occ_ni,NAT,FR41,I551TOI553,2016,CST_A,0,A,F,NR,
occ_ni,NAT,FR42,I551TOI553,2016,CST_A,0,A,F,NR,
occ_ni,NAT,FR43,I551TOI553,2016,CST_A,0,A,F,NR,
occ_ni,NAT,FR5,I551TOI553,2016,CST_A,34193685,A,F,NR,
occ_ni,NAT,FR51,I551TOI553,2016,CST_A,11173375,A,F,NR,
occ_ni,NAT,FR52,I551TOI553,2016,CST_A,14676655,A,F,NR,
occ_ni,NAT,FR53,I551TOI553,2016,CST_A,8343655,A,F,NR,
occ_ni,NAT,FR6,I551TOI553,2016,CST_A,13472585,A,F,NR,
occ_ni,NAT,FR61,I551TOI553,2016,CST_A,13472585,A,F,NR,
occ_ni,NAT,FR62,I551TOI553,2016,CST_A,0,A,F,NR,
occ_ni,NAT,FR63,I551TOI553,2016,CST_A,0,A,F,NR,
occ_ni,NAT,FR7,I551TOI553,2016,CST_A,0,A,F,NR,
occ_ni,NAT,FR71,I551TOI553,2016,CST_A,0,A,F,NR,
occ_ni,NAT,FR72,I551TOI553,2016,CST_A,0,A,F,NR,
occ_ni,NAT,FR8,I551TOI553,2016,CST_A,44182447,A,F,NR,
occ_ni,NAT,FR81,I551TOI553,2016,CST_A,16838741,A,F,NR,
occ_ni,NAT,FR82,I551TOI553,2016,CST_A,20441815,A,F,NR,
occ_ni,NAT,FR83,I551TOI553,2016,CST_A,6901891,A,F,NR,
occ_ni,NAT,FRA,I551TOI553,2016,CST_A,3047420,A,F,NR,
occ_ni,NAT,FRA1,I551TOI553,2016,CST_A,925627,U,N,NR,
occ_ni,NAT,FRA2,I551TOI553,2016,CST_A,964660,U,N,NR,
occ_ni,NAT,FRA4,I551TOI553,2016,CST_A,893796,A,F,NR,
occ_ni,NAT,FR,I551TOI553,2016,NCST_A,176816248,A,F,NR,
occ_ni,NAT,FR1,I551TOI553,2016,NCST_A,32917324,A,F,NR,
occ_ni,NAT,FR10,I551TOI553,2016,NCST_A,32917324,A,F,NR,
occ_ni,NAT,FR2,I551TOI553,2016,NCST_A,21161753,A,F,NR,
occ_ni,NAT,FR21,I551TOI553,2016,NCST_A,2550830,A,F,NR,
occ_ni,NAT,FR22,I551TOI553,2016,NCST_A,2649749,A,F,NR,
occ_ni,NAT,FR23,I551TOI553,2016,NCST_A,2580135,A,F,NR,
occ_ni,NAT,FR24,I551TOI553,2016,NCST_A,7310876,A,F,NR,
occ_ni,NAT,FR25,I551TOI553,2016,NCST_A,1677543,A,F,NR,
occ_ni,NAT,FR26,I551TOI553,2016,NCST_A,4392620,A,F,NR,
occ_ni,NAT,FR3,I551TOI553,2016,NCST_A,3871765,A,F,NR,
occ_ni,NAT,FR30,I551TOI553,2016,NCST_A,3871765,A,F,NR,
occ_ni,NAT,FR4,I551TOI553,2016,NCST_A,13103149,A,F,NR,
occ_ni,NAT,FR41,I551TOI553,2016,NCST_A,4747018,A,F,NR,
occ_ni,NAT,FR42,I551TOI553,2016,NCST_A,5505347,A,F,NR,
occ_ni,NAT,FR43,I551TOI553,2016,NCST_A,2850784,A,F,NR,
occ_ni,NAT,FR5,I551TOI553,2016,NCST_A,14401046,A,F,NR,
occ_ni,NAT,FR51,I551TOI553,2016,NCST_A,7192507,A,F,NR,
occ_ni,NAT,FR52,I551TOI553,2016,NCST_A,2612986,A,F,NR,
occ_ni,NAT,FR53,I551TOI553,2016,NCST_A,4595554,A,F,NR,
occ_ni,NAT,FR6,I551TOI553,2016,NCST_A,26909562,A,F,NR,
occ_ni,NAT,FR61,I551TOI553,2016,NCST_A,11671556,A,F,NR,
occ_ni,NAT,FR62,I551TOI553,2016,NCST_A,13102256,A,F,NR,
occ_ni,NAT,FR63,I551TOI553,2016,NCST_A,2135750,A,F,NR,
occ_ni,NAT,FR7,I551TOI553,2016,NCST_A,40938848,A,F,NR,
occ_ni,NAT,FR71,I551TOI553,2016,NCST_A,35064883,A,F,NR,
occ_ni,NAT,FR72,I551TOI553,2016,NCST_A,5873966,A,F,NR,
occ_ni,NAT,FR8,I551TOI553,2016,NCST_A,23355746,A,F,NR,
occ_ni,NAT,FR81,I551TOI553,2016,NCST_A,9105068,A,F,NR,
occ_ni,NAT,FR82,I551TOI553,2016,NCST_A,14056083,A,F,NR,
occ_ni,NAT,FR83,I551TOI553,2016,NCST_A,194595,U,N,NR,
occ_ni,NAT,FRA1,I551TOI553,2016,NCST_A,0,A,F,NR,
occ_ni,NAT,FRA2,I551TOI553,2016,NCST_A,0,A,F,NR,
occ_ni,NAT,FRA5,I551TOI553,2016,NCST_A,0,A,F,NR,
occ_ni,NAT,FR,I551,2016,CST_A,31063859,A,F,NR,
occ_ni,NAT,FR,I551,2016,NCST_A,102567822,A,F,NR,
occ_ni,NAT,FR,I552,2016,CST_A,25028917,A,F,NR,
occ_ni,NAT,FR,I552,2016,NCST_A,45960643,A,F,NR,
occ_ni,NAT,FR,I553,2016,CST_A,47940991,A,F,NR,
occ_ni,NAT,FR,I553,2016,NCST_A,28287784,A,F,NR,
occ_ni,FOR,FR,I551TOI553,2016,CST_A,34086344,A,F,NR,
occ_ni,FOR,FR1,I551TOI553,2016,CST_A,0,A,F,NR,
occ_ni,FOR,FR10,I551TOI553,2016,CST_A,0,A,F,NR,
occ_ni,FOR,FR2,I551TOI553,2016,CST_A,2482217,A,F,NR,
occ_ni,FOR,FR21,I551TOI553,2016,CST_A,0,A,F,NR,
occ_ni,FOR,FR22,I551TOI553,2016,CST_A,282140,A,F,NR,
occ_ni,FOR,FR23,I551TOI553,2016,CST_A,406348,A,F,NR,
occ_ni,FOR,FR24,I551TOI553,2016,CST_A,0,A,F,NR,
occ_ni,FOR,FR25,I551TOI553,2016,CST_A,1793728,A,F,NR,
occ_ni,FOR,FR26,I551TOI553,2016,CST_A,0,A,F,NR,
occ_ni,FOR,FR3,I551TOI553,2016,CST_A,979834,A,F,NR,
occ_ni,FOR,FR30,I551TOI553,2016,CST_A,979834,A,F,NR,
occ_ni,FOR,FR4,I551TOI553,2016,CST_A,0,A,F,NR,
occ_ni,FOR,FR41,I551TOI553,2016,CST_A,0,A,F,NR,
occ_ni,FOR,FR42,I551TOI553,2016,CST_A,0,A,F,NR,
occ_ni,FOR,FR43,I551TOI553,2016,CST_A,0,A,F,NR,
occ_ni,FOR,FR5,I551TOI553,2016,CST_A,6314143,A,F,NR,
occ_ni,FOR,FR51,I551TOI553,2016,CST_A,1487704,A,F,NR,
occ_ni,FOR,FR52,I551TOI553,2016,CST_A,3324926,A,F,NR,
occ_ni,FOR,FR53,I551TOI553,2016,CST_A,1501513,A,F,NR,
occ_ni,FOR,FR6,I551TOI553,2016,CST_A,4249350,A,F,NR,
occ_ni,FOR,FR61,I551TOI553,2016,CST_A,4249350,A,F,NR,
occ_ni,FOR,FR62,I551TOI553,2016,CST_A,0,A,F,NR,
occ_ni,FOR,FR63,I551TOI553,2016,CST_A,0,A,F,NR,
occ_ni,FOR,FR7,I551TOI553,2016,CST_A,0,A,F,NR,
occ_ni,FOR,FR71,I551TOI553,2016,CST_A,0,A,F,NR,
occ_ni,FOR,FR72,I551TOI553,2016,CST_A,0,A,F,NR,
occ_ni,FOR,FR8,I551TOI553,2016,CST_A,19367039,A,F,NR,
occ_ni,FOR,FR81,I551TOI553,2016,CST_A,5042915,A,F,NR,
occ_ni,FOR,FR82,I551TOI553,2016,CST_A,11228571,A,F,NR,
occ_ni,FOR,FR83,I551TOI553,2016,CST_A,3095554,A,F,NR,
occ_ni,FOR,FRA,I551TOI553,2016,CST_A,693761,A,F,NR,
occ_ni,FOR,FRA1,I551TOI553,2016,CST_A,210591,U,N,NR,
occ_ni,FOR,FRA2,I551TOI553,2016,CST_A,229109,U,N,NR,
occ_ni,FOR,FRA4,I551TOI553,2016,CST_A,126123,A,F,NR,
occ_ni,FOR,FR,I551TOI553,2016,NCST_A,89827067,A,F,NR,
occ_ni,FOR,FR1,I551TOI553,2016,NCST_A,38267721,A,F,NR,
occ_ni,FOR,FR10,I551TOI553,2016,NCST_A,38267721,A,F,NR,
occ_ni,FOR,FR2,I551TOI553,2016,NCST_A,8084207,A,F,NR,
occ_ni,FOR,FR21,I551TOI553,2016,NCST_A,1322856,A,F,NR,
occ_ni,FOR,FR22,I551TOI553,2016,NCST_A,1190576,A,F,NR,
occ_ni,FOR,FR23,I551TOI553,2016,NCST_A,549778,A,F,NR,
occ_ni,FOR,FR24,I551TOI553,2016,NCST_A,2112560,A,F,NR,
occ_ni,FOR,FR25,I551TOI553,2016,NCST_A,546146,A,F,NR,
occ_ni,FOR,FR26,I551TOI553,2016,NCST_A,2362291,A,F,NR,
occ_ni,FOR,FR3,I551TOI553,2016,NCST_A,1290027,A,F,NR,
occ_ni,FOR,FR30,I551TOI553,2016,NCST_A,1290027,A,F,NR,
occ_ni,FOR,FR4,I551TOI553,2016,NCST_A,6779415,A,F,NR,
occ_ni,FOR,FR41,I551TOI553,2016,NCST_A,2007094,A,F,NR,
occ_ni,FOR,FR42,I551TOI553,2016,NCST_A,3623744,A,F,NR,
occ_ni,FOR,FR43,I551TOI553,2016,NCST_A,1148576,A,F,NR,
occ_ni,FOR,FR5,I551TOI553,2016,NCST_A,2861172,A,F,NR,
occ_ni,FOR,FR51,I551TOI553,2016,NCST_A,1468745,A,F,NR,
occ_ni,FOR,FR52,I551TOI553,2016,NCST_A,629312,A,F,NR,
occ_ni,FOR,FR53,I551TOI553,2016,NCST_A,763115,A,F,NR,
occ_ni,FOR,FR6,I551TOI553,2016,NCST_A,8330560,A,F,NR,
occ_ni,FOR,FR61,I551TOI553,2016,NCST_A,3495705,A,F,NR,
occ_ni,FOR,FR62,I551TOI553,2016,NCST_A,4400446,A,F,NR,
occ_ni,FOR,FR63,I551TOI553,2016,NCST_A,434409,A,F,NR,
occ_ni,FOR,FR7,I551TOI553,2016,NCST_A,14868403,A,F,NR,
occ_ni,FOR,FR71,I551TOI553,2016,NCST_A,13986776,A,F,NR,
occ_ni,FOR,FR72,I551TOI553,2016,NCST_A,881626,A,F,NR,
occ_ni,FOR,FR8,I551TOI553,2016,NCST_A,9320301,A,F,NR,
occ_ni,FOR,FR81,I551TOI553,2016,NCST_A,3141937,A,F,NR,
occ_ni,FOR,FR82,I551TOI553,2016,NCST_A,6063630,A,F,NR,
occ_ni,FOR,FR83,I551TOI553,2016,NCST_A,114735,U,N,NR,
occ_ni,FOR,FRA1,I551TOI553,2016,NCST_A,0,A,F,NR,
occ_ni,FOR,FRA2,I551TOI553,2016,NCST_A,0,A,F,NR,
occ_ni,FOR,FRA5,I551TOI553,2016,NCST_A,0,A,F,NR,
occ_ni,FOR,FR,I551,2016,CST_A,11991767,A,F,NR,
occ_ni,FOR,FR,I551,2016,NCST_A,58253600,A,F,NR,
occ_ni,FOR,FR,I552,2016,CST_A,4558388,A,F,NR,
occ_ni,FOR,FR,I552,2016,NCST_A,13172005,A,F,NR,
occ_ni,FOR,FR,I553,2016,CST_A,17536189,A,F,NR,
occ_ni,FOR,FR,I553,2016,NCST_A,18401461,A,F,NR,
occ_ni,NAT,FR,I551TOI553,2017,CST_A,113305997,A,F,NR,
occ_ni,NAT,FR1,I551TOI553,2017,CST_A,0,A,F,NR,
occ_ni,NAT,FR10,I551TOI553,2017,CST_A,0,A,F,NR,
occ_ni,NAT,FRB,I551TOI553,2017,CST_A,0,A,F,NR,
occ_ni,NAT,FRB0,I551TOI553,2017,CST_A,0,A,F,NR,
occ_ni,NAT,FRC,I551TOI553,2017,CST_A,0,A,F,NR,
occ_ni,NAT,FRC1,I551TOI553,2017,CST_A,0,A,F,NR,
occ_ni,NAT,FRC2,I551TOI553,2017,CST_A,0,A,F,NR,
occ_ni,NAT,FRD,I551TOI553,2017,CST_A,6454368,A,F,NR,
occ_ni,NAT,FRD1,I551TOI553,2017,CST_A,5020312,A,F,NR,
occ_ni,NAT,FRD2,I551TOI553,2017,CST_A,1434055,A,F,NR,
occ_ni,NAT,FRE,I551TOI553,2017,CST_A,3318084,A,F,NR,
occ_ni,NAT,FRE1,I551TOI553,2017,CST_A,2193654,A,F,NR,
occ_ni,NAT,FRE2,I551TOI553,2017,CST_A,1124429,A,F,NR,
occ_ni,NAT,FRF,I551TOI553,2017,CST_A,0,A,F,NR,
occ_ni,NAT,FRF1,I551TOI553,2017,CST_A,0,A,F,NR,
occ_ni,NAT,FRF2,I551TOI553,2017,CST_A,0,A,F,NR,
occ_ni,NAT,FRF3,I551TOI553,2017,CST_A,0,A,F,NR,
occ_ni,NAT,FRG,I551TOI553,2017,CST_A,12081703,A,F,NR,
occ_ni,NAT,FRG0,I551TOI553,2017,CST_A,12081703,A,F,NR,
occ_ni,NAT,FRH,I551TOI553,2017,CST_A,16318173,A,F,NR,
occ_ni,NAT,FRH0,I551TOI553,2017,CST_A,16318173,A,F,NR,
occ_ni,NAT,FRI,I551TOI553,2017,CST_A,23413336,A,F,NR,
occ_ni,NAT,FRI1,I551TOI553,2017,CST_A,14529282,A,F,NR,
occ_ni,NAT,FRI2,I551TOI553,2017,CST_A,0,A,F,NR,
occ_ni,NAT,FRI3,I551TOI553,2017,CST_A,8884054,A,F,NR,
occ_ni,NAT,FRJ,I551TOI553,2017,CST_A,18238829,A,F,NR,
occ_ni,NAT,FRJ1,I551TOI553,2017,CST_A,18238829,A,F,NR,
occ_ni,NAT,FRJ2,I551TOI553,2017,CST_A,0,A,F,NR,
occ_ni,NAT,FRK,I551TOI553,2017,CST_A,0,A,F,NR,
occ_ni,NAT,FRK1,I551TOI553,2017,CST_A,0,A,F,NR,
occ_ni,NAT,FRK2,I551TOI553,2017,CST_A,0,A,F,NR,
occ_ni,NAT,FRL,I551TOI553,2017,CST_A,22443895,A,F,NR,
occ_ni,NAT,FRL0,I551TOI553,2017,CST_A,22443895,A,F,NR,
occ_ni,NAT,FRM,I551TOI553,2017,CST_A,7608173,A,F,NR,
occ_ni,NAT,FRM0,I551TOI553,2017,CST_A,7608173,A,F,NR,
occ_ni,NAT,FRY,I551TOI553,2017,CST_A,3429436,A,F,NR,
occ_ni,NAT,FRY1,I551TOI553,2017,CST_A,973185,U,N,NR,
occ_ni,NAT,FRY2,I551TOI553,2017,CST_A,1096459,U,N,NR,
occ_ni,NAT,FRY3,I551TOI553,2017,CST_A,238026,U,N,NR,
occ_ni,NAT,FRY4,I551TOI553,2017,CST_A,1046942,A,F,NR,
occ_ni,NAT,FR,I551TOI553,2017,NCST_A,186252741,A,F,NR,
occ_ni,NAT,FR1,I551TOI553,2017,NCST_A,37113564,A,F,NR,
occ_ni,NAT,FR10,I551TOI553,2017,NCST_A,37113564,A,F,NR,
occ_ni,NAT,FRB,I551TOI553,2017,NCST_A,7531425,A,F,NR,
occ_ni,NAT,FRB0,I551TOI553,2017,NCST_A,7531425,A,F,NR,
occ_ni,NAT,FRC,I551TOI553,2017,NCST_A,7416417,A,F,NR,
occ_ni,NAT,FRC1,I551TOI553,2017,NCST_A,4506524,A,F,NR,
occ_ni,NAT,FRC2,I551TOI553,2017,NCST_A,2909894,A,F,NR,
occ_ni,NAT,FRD,I551TOI553,2017,NCST_A,4311509,A,F,NR,
occ_ni,NAT,FRD1,I551TOI553,2017,NCST_A,1703925,A,F,NR,
occ_ni,NAT,FRD2,I551TOI553,2017,NCST_A,2607585,A,F,NR,
occ_ni,NAT,FRE,I551TOI553,2017,NCST_A,6579221,A,F,NR,
occ_ni,NAT,FRE1,I551TOI553,2017,NCST_A,3869293,A,F,NR,
occ_ni,NAT,FRE2,I551TOI553,2017,NCST_A,2709929,A,F,NR,
occ_ni,NAT,FRF,I551TOI553,2017,NCST_A,13714582,A,F,NR,
occ_ni,NAT,FRF1,I551TOI553,2017,NCST_A,5904836,A,F,NR,
occ_ni,NAT,FRF2,I551TOI553,2017,NCST_A,2760273,A,F,NR,
occ_ni,NAT,FRF3,I551TOI553,2017,NCST_A,5049473,A,F,NR,
occ_ni,NAT,FRG,I551TOI553,2017,NCST_A,7626588,A,F,NR,
occ_ni,NAT,FRG0,I551TOI553,2017,NCST_A,7626588,A,F,NR,
occ_ni,NAT,FRH,I551TOI553,2017,NCST_A,2776259,A,F,NR,
occ_ni,NAT,FRH0,I551TOI553,2017,NCST_A,2776259,A,F,NR,
occ_ni,NAT,FRI,I551TOI553,2017,NCST_A,19254507,A,F,NR,
occ_ni,NAT,FRI1,I551TOI553,2017,NCST_A,12308168,A,F,NR,
occ_ni,NAT,FRI2,I551TOI553,2017,NCST_A,2166572,A,F,NR,
occ_ni,NAT,FRI3,I551TOI553,2017,NCST_A,4779767,A,F,NR,
occ_ni,NAT,FRJ,I551TOI553,2017,NCST_A,22901936,A,F,NR,
occ_ni,NAT,FRJ1,I551TOI553,2017,NCST_A,9443289,A,F,NR,
occ_ni,NAT,FRJ2,I551TOI553,2017,NCST_A,13458647,A,F,NR,
occ_ni,NAT,FRK,I551TOI553,2017,NCST_A,41992986,A,F,NR,
occ_ni,NAT,FRK1,I551TOI553,2017,NCST_A,5986046,A,F,NR,
occ_ni,NAT,FRK2,I551TOI553,2017,NCST_A,36006940,A,F,NR,
occ_ni,NAT,FRL,I551TOI553,2017,NCST_A,14681067,A,F,NR,
occ_ni,NAT,FRL0,I551TOI553,2017,NCST_A,14681067,A,F,NR,
occ_ni,NAT,FRM,I551TOI553,2017,NCST_A,187280,U,N,NR,
occ_ni,NAT,FRM0,I551TOI553,2017,NCST_A,187280,U,N,NR,
occ_ni,NAT,FRY,I551TOI553,2017,NCST_A,165399,U,N,NR,
occ_ni,NAT,FRY1,I551TOI553,2017,NCST_A,0,A,F,NR,
occ_ni,NAT,FRY2,I551TOI553,2017,NCST_A,0,A,F,NR,
occ_ni,NAT,FRY3,I551TOI553,2017,NCST_A,43881,U,C,NR,
occ_ni,NAT,FRY4,I551TOI553,2017,NCST_A,121518,U,C,NR,
occ_ni,NAT,FRY5,I551TOI553,2017,NCST_A,0,A,F,NR,
occ_ni,NAT,FR,I551,2017,CST_A,32625227,A,F,NR,
occ_ni,NAT,FR,I551,2017,NCST_A,105223442,A,F,NR,
occ_ni,NAT,FR,I552,2017,CST_A,26492004,A,F,NR,
occ_ni,NAT,FR,I552,2017,NCST_A,50016126,A,F,NR,
occ_ni,NAT,FR,I553,2017,CST_A,54188765,A,F,NR,
occ_ni,NAT,FR,I553,2017,NCST_A,31013172,A,F,NR,
occ_ni,FOR,FR,I551TOI553,2017,CST_A,35837110,A,F,NR,
occ_ni,FOR,FR1,I551TOI553,2017,CST_A,0,A,F,NR,
occ_ni,FOR,FR10,I551TOI553,2017,CST_A,0,A,F,NR,
occ_ni,FOR,FRB,I551TOI553,2017,CST_A,0,A,F,NR,
occ_ni,FOR,FRB0,I551TOI553,2017,CST_A,0,A,F,NR,
occ_ni,FOR,FRC,I551TOI553,2017,CST_A,0,A,F,NR,
occ_ni,FOR,FRC1,I551TOI553,2017,CST_A,0,A,F,NR,
occ_ni,FOR,FRC2,I551TOI553,2017,CST_A,0,A,F,NR,
occ_ni,FOR,FRD,I551TOI553,2017,CST_A,2464031,A,F,NR,
occ_ni,FOR,FRD1,I551TOI553,2017,CST_A,2038196,A,F,NR,
occ_ni,FOR,FRD2,I551TOI553,2017,CST_A,425834,A,F,NR,
occ_ni,FOR,FRE,I551TOI553,2017,CST_A,1359572,A,F,NR,
occ_ni,FOR,FRE1,I551TOI553,2017,CST_A,996552,A,F,NR,
occ_ni,FOR,FRE2,I551TOI553,2017,CST_A,363020,A,F,NR,
occ_ni,FOR,FRF,I551TOI553,2017,CST_A,0,A,F,NR,
occ_ni,FOR,FRF1,I551TOI553,2017,CST_A,0,A,F,NR,
occ_ni,FOR,FRF2,I551TOI553,2017,CST_A,0,A,F,NR,
occ_ni,FOR,FRF3,I551TOI553,2017,CST_A,0,A,F,NR,
occ_ni,FOR,FRG,I551TOI553,2017,CST_A,1652299,A,F,NR,
occ_ni,FOR,FRG0,I551TOI553,2017,CST_A,1652299,A,F,NR,
occ_ni,FOR,FRH,I551TOI553,2017,CST_A,3452512,A,F,NR,
occ_ni,FOR,FRH0,I551TOI553,2017,CST_A,3452512,A,F,NR,
occ_ni,FOR,FRI,I551TOI553,2017,CST_A,5942440,A,F,NR,
occ_ni,FOR,FRI1,I551TOI553,2017,CST_A,4542715,A,F,NR,
occ_ni,FOR,FRI2,I551TOI553,2017,CST_A,0,A,F,NR,
occ_ni,FOR,FRI3,I551TOI553,2017,CST_A,1399725,A,F,NR,
occ_ni,FOR,FRJ,I551TOI553,2017,CST_A,5454188,A,F,NR,
occ_ni,FOR,FRJ1,I551TOI553,2017,CST_A,5454188,A,F,NR,
occ_ni,FOR,FRJ2,I551TOI553,2017,CST_A,0,A,F,NR,
occ_ni,FOR,FRK,I551TOI553,2017,CST_A,0,A,F,NR,
occ_ni,FOR,FRK1,I551TOI553,2017,CST_A,0,A,F,NR,
occ_ni,FOR,FRK2,I551TOI553,2017,CST_A,0,A,F,NR,
occ_ni,FOR,FRL,I551TOI553,2017,CST_A,11679566,A,F,NR,
occ_ni,FOR,FRL0,I551TOI553,2017,CST_A,11679566,A,F,NR,
occ_ni,FOR,FRM,I551TOI553,2017,CST_A,3114790,A,F,NR,
occ_ni,FOR,FRM0,I551TOI553,2017,CST_A,3114790,A,F,NR,
occ_ni,FOR,FRY,I551TOI553,2017,CST_A,717713,A,F,NR,
occ_ni,FOR,FRY1,I551TOI553,2017,CST_A,263539,U,N,NR,
occ_ni,FOR,FRY2,I551TOI553,2017,CST_A,199716,U,N,NR,
occ_ni,FOR,FRY3,I551TOI553,2017,CST_A,84942,U,N,NR,
occ_ni,FOR,FRY4,I551TOI553,2017,CST_A,160392,A,F,NR,
occ_ni,FOR,FR,I551TOI553,2017,NCST_A,97662881,A,F,NR,
occ_ni,FOR,FR1,I551TOI553,2017,NCST_A,43035060,A,F,NR,
occ_ni,FOR,FR10,I551TOI553,2017,NCST_A,43035060,A,F,NR,
occ_ni,FOR,FRB,I551TOI553,2017,NCST_A,2307454,A,F,NR,
occ_ni,FOR,FRB0,I551TOI553,2017,NCST_A,2307454,A,F,NR,
occ_ni,FOR,FRC,I551TOI553,2017,NCST_A,3782732,A,F,NR,
occ_ni,FOR,FRC1,I551TOI553,2017,NCST_A,2478938,A,F,NR,
occ_ni,FOR,FRC2,I551TOI553,2017,NCST_A,1303794,A,F,NR,
occ_ni,FOR,FRD,I551TOI553,2017,NCST_A,1197412,A,F,NR,
occ_ni,FOR,FRD1,I551TOI553,2017,NCST_A,596869,A,F,NR,
occ_ni,FOR,FRD2,I551TOI553,2017,NCST_A,600543,A,F,NR,
occ_ni,FOR,FRE,I551TOI553,2017,NCST_A,2496010,A,F,NR,
occ_ni,FOR,FRE1,I551TOI553,2017,NCST_A,1228097,A,F,NR,
occ_ni,FOR,FRE2,I551TOI553,2017,NCST_A,1267914,A,F,NR,
occ_ni,FOR,FRF,I551TOI553,2017,NCST_A,7554341,A,F,NR,
occ_ni,FOR,FRF1,I551TOI553,2017,NCST_A,3959487,A,F,NR,
occ_ni,FOR,FRF2,I551TOI553,2017,NCST_A,1421955,A,F,NR,
occ_ni,FOR,FRF3,I551TOI553,2017,NCST_A,2172898,A,F,NR,
occ_ni,FOR,FRG,I551TOI553,2017,NCST_A,1690318,A,F,NR,
occ_ni,FOR,FRG0,I551TOI553,2017,NCST_A,1690318,A,F,NR,
occ_ni,FOR,FRH,I551TOI553,2017,NCST_A,669425,A,F,NR,
occ_ni,FOR,FRH0,I551TOI553,2017,NCST_A,669425,A,F,NR,
occ_ni,FOR,FRI,I551TOI553,2017,NCST_A,4937393,A,F,NR,
occ_ni,FOR,FRI1,I551TOI553,2017,NCST_A,3747734,A,F,NR,
occ_ni,FOR,FRI2,I551TOI553,2017,NCST_A,456908,A,F,NR,
occ_ni,FOR,FRI3,I551TOI553,2017,NCST_A,732751,A,F,NR,
occ_ni,FOR,FRJ,I551TOI553,2017,NCST_A,7957992,A,F,NR,
occ_ni,FOR,FRJ1,I551TOI553,2017,NCST_A,3358451,A,F,NR,
occ_ni,FOR,FRJ2,I551TOI553,2017,NCST_A,4599540,A,F,NR,
occ_ni,FOR,FRK,I551TOI553,2017,NCST_A,15675909,A,F,NR,
occ_ni,FOR,FRK1,I551TOI553,2017,NCST_A,966217,A,F,NR,
occ_ni,FOR,FRK2,I551TOI553,2017,NCST_A,14709691,A,F,NR,
occ_ni,FOR,FRL,I551TOI553,2017,NCST_A,6205426,A,F,NR,
occ_ni,FOR,FRL0,I551TOI553,2017,NCST_A,6205426,A,F,NR,
occ_ni,FOR,FRM,I551TOI553,2017,NCST_A,125255,U,N,NR,
occ_ni,FOR,FRM0,I551TOI553,2017,NCST_A,125255,U,N,NR,
occ_ni,FOR,FRY,I551TOI553,2017,NCST_A,28153,U,N,NR,
occ_ni,FOR,FRY1,I551TOI553,2017,NCST_A,0,A,F,NR,
occ_ni,FOR,FRY2,I551TOI553,2017,NCST_A,0,A,F,NR,
occ_ni,FOR,FRY3,I551TOI553,2017,NCST_A,4317,U,C,NR,
occ_ni,FOR,FRY4,I551TOI553,2017,NCST_A,23836,U,C,NR,
occ_ni,FOR,FRY5,I551TOI553,2017,NCST_A,0,A,F,NR,
occ_ni,FOR,FR,I551,2017,CST_A,12605428,A,F,NR,
occ_ni,FOR,FR,I551,2017,NCST_A,63820715,A,F,NR,
occ_ni,FOR,FR,I552,2017,CST_A,4386780,A,F,NR,
occ_ni,FOR,FR,I552,2017,NCST_A,13918097,A,F,NR,
occ_ni,FOR,FR,I553,2017,CST_A,18844902,A,F,NR,
occ_ni,FOR,FR,I553,2017,NCST_A,19924068,A,F,NR,
